legal_name,commercial_name,lei,home_member_state,competent_authority,authorised,services_letters,services,service_count,countries_count,countries,website,also_authorised_as,match_basis
"""Trek Technologies"" SIA",Backpack EU,6488C2PNI17093U2YA18,LV,Latvijas Banka,27/05/2026,acdej,custody; exchange for funds; exchange for crypto; execution; transfer,5,30,AT BE BG CY CZ DE DK EE EL ES FI FR HR HU IE IS IT LI LT LU LV MT NL NO PL PT RO SE SI SK,https://eu.backpack.exchange/,,
360 Treasury Systems AG,360 Treasury Systems AG,529900P0204W9HA8JP36,DE,Federal Financial Supervisory Authority (BaFin),02/04/2025,b,trading platform,1,29,AT BE BG CY CZ DE DK EE ES FI FR GR HR HU IE IT LI LT LU LV MT NL NO PL PT RO SE SI SK,www.360t.com,MiFID II investment firm,LEI
Acheron Europe B.V.,Acheron | Acheron Trading,699400TPXCI7R4A0NG65,NL,Netherlands Authority for the Financial Markets (AFM),26/05/2025,aehij,custody; execution; advice; portfolio management; transfer,5,27,AT BE BG CY CZ DE DK EE EL ES FI FR HR HU IE IT LT LU LV MT NL PL PT RO SE SI SK,https://www.acherontrading.com/,,
AK JENSEN NORWAY AS,,213800P6PW4AOVYZ8K05,NO,Norwegian Financial Supervisory Authority (Finanstilsynet),02/02/2026,gi,reception & transmission; portfolio management,2,3,HR IS NO,https://www.akj.com/,MiFID II investment firm,LEI
Alaric Securities OOD,Alaric Securities,549300I48OJHSE9OZS95,BG,Financial Supervision Commission (FSC),22/12/2025,acdefghij,custody; exchange for funds; exchange for crypto; execution; placing; reception & transmission; advice; portfolio management; transfer,9,1,BG,https://alaricsecurities.com/,MiFID II investment firm,LEI
ALPHACAP DIGITAL ASSETS SAS,ALPHACAP,969500ULPB59U51BG334,FR,Autorité des Marchés Financiers (AMF),25/06/2026,ahij,custody; advice; portfolio management; transfer,4,1,FR,https://alphacap.fr/,,
Altarius Asset Management Limited,Altarius Asset Management Limited,5299000X84JRI8MS7D35,MT,Malta Financial Services Authority (MFSA),24/03/2025,gi,reception & transmission; portfolio management,2,1,MT,www.altariusgroup.com,AIFM,LEI
Altcoins BG EООD,Altcoins,984500FBAE2EDEF1C317,BG,Financial Supervision Commission (FSC),21/07/2026,acdj,custody; exchange for funds; exchange for crypto; transfer,4,1,BG,https://altcoins.bg/,,
Altlift s.r.o.,,8945004PZEJSSPTTVB16,CZ,Czech National Bank (CNB),30/06/2026,egh,execution; reception & transmission; advice,3,1,CZ,ttps://www.altlift.cz/,,
Amdax B.V.,Amdax B.V.|Amdax Group|Novelist,724500T7PFN30PF3ZQ87,NL,Netherlands Authority for the Financial Markets (AFM),26/06/2025,aeij,custody; execution; portfolio management; transfer,4,30,AT BE BG CY CZ DE DK EE EL ES FI FR HR HU IE IS IT LI LT LU LV MT NL NO PL PT RO SE SI SK,https://www.amdax.com/nl | https://www.getnovelist.nl/en,,
AMINA (Austria) AG,AMINA EU,5299005I4LYIFW7GKB54,AT,Austrian Financial Market Authority (FMA),29/10/2025,acdij,custody; exchange for funds; exchange for crypto; portfolio management; transfer,5,30,AT BE BG CY CZ DE DK EE ES FI FR GR HR HU IE IS IT LI LT LU LV MT NL NO PL PT RO SE SK SL,https://eu.aminagroup.com,,
AnCeKa Vermögensbetreuungs Aktiengesellschaft,AnCeKa Vermögensbetreuungs Aktiengesellschaft,529900FNJE1H184JV164,DE,Federal Financial Supervisory Authority (BaFin),04/03/2026,ghi,reception & transmission; advice; portfolio management,3,1,DE,www.anceka.de,MiFID II investment firm,LEI
APLO SAS,APLO,969500YKHZ31GZ7AAU02,FR,Autorité des Marchés Financiers (AMF),30/06/2026,acdej,custody; exchange for funds; exchange for crypto; execution; transfer,5,7,BE DE ES IE IT LU NL,https://www.aplo.io/,,
Aquilla Nummus Ltd,Aquilla Nummus Ltd,549300ZCGZNVDA6R3Y84,CY,Cyprus Securities and Exchange Commission (CySEC),20/07/2026,aegi,custody; execution; reception & transmission; portfolio management,4,1,CY,https://www.aquillanummus.com/,MiFID II investment firm,LEI
AS LHV Pank,AS LHV Pank,529900GJOSVHI055QR67,EE,Estonian Financial Supervision Authority (EFSA),18/05/2026,ag,custody; reception & transmission,2,1,EE,https://www.lhv.ee,MiFID II investment firm,LEI
AS TWINO Investments,Twino,984500856AF4DF5FAT57,LV,Latvijas Banka,04/06/2026,acde,custody; exchange for funds; exchange for crypto; execution,4,11,AT BE CZ DE EE ES FR IT LT NL PT,https://www.twino.eu/en,MiFID II investment firm,LEI
AvianLabs Netherlands B.V.,AvianLabs Netherlands B.V.,894500KQLQQYOD1PPX55,NL,Netherlands Authority for the Financial Markets (AFM),02/04/2025,cdj,exchange for funds; exchange for crypto; transfer,3,30,AT BE BG CY CZ DE DK EE EL ES FI FR HR HU IE IS IT LI LT LU LV MT NL NO PL PT RO SE SI SK,https://sling.money/,,
B2C2 Europe Sarl,B2C2,969500OA6NVZB5BXAB29,LU,Commission de Surveillance du Secteur Financier (CSSF),13/05/2026,cde,exchange for funds; exchange for crypto; execution,3,29,AT BE BG CY CZ DE DK EE EL ES FI FR HR HU IE IS IT LI LT LV MT NL NO PL PT RO SE SI SK,https://www.b2c2.com/,,
Baader Bank Aktiengesellschaft,Baader Bank AG,529900JFOPPEDUR61H13,DE,Federal Financial Supervisory Authority (BaFin),16/05/2025,e,execution,1,29,AT BE BG CY CZ DE DK EE ES FI FR GR HR HU IE IT LI LT LU LV MT NL NO PL PT RO SE SI SK,https://www.baaderbank.de/,MiFID II investment firm,LEI
Baden-Württembergische Wertpapierbörse GmbH,Baden-Württembergische Wertpapierbörse GmbH,529900A0WHA0NVXY0G45,DE,Federal Financial Supervisory Authority (BaFin),03/07/2025,b,trading platform,1,1,DE,https://www.bsdex.de/de/,MiFID II investment firm,LEI
BANCA SELLA,Banca Sella,549300I7OIUB41P86L19,IT,Commissione Nazionale per le Societa e la Borsa (CONSOB),27/04/2026,aj,custody; transfer,2,1,IT,www.sella.it,MiFID II investment firm,LEI
Banco Bilbao Vizcaya Argentaria S.A.,BBVA,K8MS7FD7N5Z2WQ51AZ71,ES,Comision Nacional del Mercado de Valores (CNMV),05/03/2025,aej,custody; execution; transfer,3,1,ES,www.bbva.es,MiFID II investment firm,LEI
Bank Frick AG,Bank Frick AG,529900RQOBT3ZJMDRK43,LI,Finanzmarktaufsicht (FMA),23/12/2025,aej,custody; execution; transfer,3,28,AT BE BG CY CZ DE DK EE ES FI FR GR HR HU IE IT LI LT LU LV MT NL PL PT RO SE SI SK,https://www.bankfrick.li/en,MiFID II investment firm,LEI
Bankhaus Scheich Wertpapierspezialist AG,Bankhaus Scheich Wertpapierspezialist AG,54930079HJ1JTMKTW637,DE,Federal Financial Supervisory Authority (BaFin),07/08/2025,cefgh,exchange for funds; execution; placing; reception & transmission; advice,5,1,DE,www.bankhaus-scheich.de,MiFID II investment firm,LEI
Banking Circle S.A.,Banking Circle,213800W1NGBLERUS6M39,LU,Commission de Surveillance du Secteur Financier (CSSF),16/02/2026,cdj,exchange for funds; exchange for crypto; transfer,3,30,AT BE BG CY CZ DE DK EE ES FI FR GR HR HU IE IS IT LI LT LU LV MT NL NO PL PT RO SE SI SK,https://bankingcircle.com/,MiFID II investment firm,LEI
BANQUE DELUBAC ET CIE,BANQUE DELUBAC,969500A4IPKVUBH3CA90,FR,Autorité des Marchés Financiers (AMF),23/10/2025,acdehij,custody; exchange for funds; exchange for crypto; execution; advice; portfolio management; transfer,7,29,AT BE BG CY CZ DE DK EE EL ES FI HR HU IE IS IT LI LT LU LV MT NL NO PL PT RO SE SI SK,https://www.delubac.com/,MiFID II investment firm,LEI
BARE BITCOIN AS,,636700PFX3CY9R033H73,NO,Norwegian Financial Supervisory Authority (Finanstilsynet),26/06/2026,acj,custody; exchange for funds; transfer,3,1,NO,https://barebitcoin.no/,,
BASQUE PAY S.L.,FAZIL CRYPTO,9598005WW6HZ4V82BZ26,ES,Comision Nacional del Mercado de Valores (CNMV),31/07/2026,g,reception & transmission,1,1,ES,https://fazilcrypto.com/es/,,
Belayer ООD,Belayer,64882N0ABXS71817AI18,BG,Financial Supervision Commission (FSC),28/04/2026,aei,custody; execution; portfolio management,3,1,BG,https://www.belayer.bg/,,
Bequant Pro Limited,Bequant,213800Y834JOMU87Z285,MT,Malta Financial Services Authority (MFSA),30/06/2026,acdj,custody; exchange for funds; exchange for crypto; transfer,4,29,AT BE BG CY CZ DE DK EE EL ES FI FR HR HU IE IS IT LI LT LU LV NL NO PL PT RO SE SI SK,https://bequant.pro/,,
"Bison Bank, S.A.",Bison Bank,549300V4H4USWZUCE073,PT,Banco de Portugal,19/05/2026,acdefghj,custody; exchange for funds; exchange for crypto; execution; placing; reception & transmission; advice; transfer,8,6,DE ES FR IT NL PT,https://bisonbank.com/,MiFID II investment firm,LEI
Bitblock Ltd. for Services,KRIPTOMAT,9845006A6CAABE4C0347,HR,Croatian Financial Services Supervisory Agency (HANFA),17/06/2026,c,exchange for funds,1,1,HR,https://kriptomat.hr/,,
Bitcoin Suisse (Europe) AG,Bitcoin Suisse (Europe) AG,5067009TZLDD94Q3W662,LI,Finanzmarktaufsicht (FMA),22/06/2026,acdegj,custody; exchange for funds; exchange for crypto; execution; reception & transmission; transfer,6,23,AT BE CY CZ DE DK ES FI FR GR HR IE IS IT LI LU NL NO PT RO SE SI SK,https://www.bitcoinsuisse.com,,
Bitcoinforme S.L.,Bit2Me,9598007R5LSUJLGLS853,ES,Comision Nacional del Mercado de Valores (CNMV),31/10/2025,acdefgj,custody; exchange for funds; exchange for crypto; execution; placing; reception & transmission; transfer,7,30,AT BE BG CY CZ DE DK EE ES FI FR GR HR HU IE IS IT LI LT LU LV MT NL NO PL PT RO SE SI SK,bit2me.com,,
bitFlyer EUROPE S.A.,bitFlyer EUROPE,984500D4465EFA89EF38,LU,Commission de Surveillance du Secteur Financier (CSSF),26/06/2026,acdej,custody; exchange for funds; exchange for crypto; execution; transfer,5,29,AT BE BG CY CZ DE DK EE ES FI FR GR HR HU IE IS IT LI LT LV MT NL NO PL PT RO SE SI SK,https://bitflyer.com/en-eu/,,
BitGo Europe GmbH,BitGo Europe GmbH,391200IJ3B1IP7993O16,DE,Federal Financial Supervisory Authority (BaFin),09/05/2025,acdegj,custody; exchange for funds; exchange for crypto; execution; reception & transmission; transfer,6,30,AT BE BG CY CZ DE DK EE EL ES FI FR HR HU IE IS IT LI LT LU LV MT NL NO PL PT RO SE SI SK,https://www.bitgo.de/entities/bitgoeuropegmbh/,,
Bitmymoney B.V.,Bitmymoney B.V.,724500H1WRSMD7CAS549,NL,Netherlands Authority for the Financial Markets (AFM),20/11/2025,acdj,custody; exchange for funds; exchange for crypto; transfer,4,2,BE NL,https://www.bitmymoney.com/,,
Bitonic B.V.,Bitonic B.V.,7245001BEJ6U6AUU1S58,NL,Netherlands Authority for the Financial Markets (AFM),21/11/2025,acej,custody; exchange for funds; execution; transfer,4,30,AT BE BG CY CZ DE DK EE EL ES FI FR HR HU IE IS IT LI LT LU LV MT NL NO PL PT RO SE SI SK,https://bitonic.nl/en/,,
Bitpanda Asset Management GmbH,Bitpanda Asset Management GmbH,9845005X9B7N610K0093,DE,Federal Financial Supervisory Authority (BaFin),24/01/2025,acdj,custody; exchange for funds; exchange for crypto; transfer,4,30,AT BE BG CY CZ DE DK EE EL ES FI FR HR HU IE IS IT LI LT LU LV MT NL NO PL PT RO SE SI SK,www.bitpanda.com,,
Bitpanda GmbH,Bitpanda,5493007WZ7IFULIL8G21,AT,Austrian Financial Market Authority (FMA),09/04/2025,acdefgj,custody; exchange for funds; exchange for crypto; execution; placing; reception & transmission; transfer,7,30,AT BE BG CY CZ DE DK EE ES FI FR GR HR HU IE IS IT LI LT LU LV MT NL NO PL PT RO SE SI SK,https://www.bitpanda.com,,
BitPay B.V.,BitPay B.V. | Cashify | RGLTD,724500F2THLY5MHEIM78,NL,Netherlands Authority for the Financial Markets (AFM),16/07/2026,cj,exchange for funds; transfer,2,30,AT BE BG CY CZ DE DK EE EL ES FI FR HR HU IE IS IT LI LT LU LV MT NL NO PL PT RO SE SI SK,https://www.bitpay.com/,,
BITSTACK DIGITAL ASSETS SAS,BITSTACK,894500RKZ3TVTPIF7V84,FR,Autorité des Marchés Financiers (AMF),30/06/2025,acdej,custody; exchange for funds; exchange for crypto; execution; transfer,5,26,AT BE BG CY CZ DE DK EE ES FI GR HR HU IE IT LT LU LV MT NL PL PT RO SE SI SK,https://bitstack-app.com/,,
BitStaete B.V.,BitStaete B.V.,7245009PN18D4I1TKJ50,NL,Netherlands Authority for the Financial Markets (AFM),30/12/2024,i,portfolio management,1,1,NL,https://bitstaete.nl/ | http://www.bitstaete.com/,,
Bitstamp Europe S.A.,Bitstamp,549300XIBGTJ0PLIEO72,LU,Commission de Surveillance du Secteur Financier (CSSF),15/05/2025,abcdegj,custody; trading platform; exchange for funds; exchange for crypto; execution; reception & transmission; transfer,7,30,AT BE BG CY CZ DE DK EE ES FI FR GR HR HU IE IS IT LI LT LU LV MT NL NO PL PT RO SE SI SK,https://www.bitstamp.net/,,
Bittimaatti Oy,Bittimaatti,7437009FHK501IOCWZ66,FI,Finanssivalvonta (FIN-FSA),12/09/2025,c,exchange for funds,1,1,FI,https://bittimaatti.fi,,
Bitvavo B.V.,Bitvavo B.V.,724500MX2WBKDJP9HE56,NL,Netherlands Authority for the Financial Markets (AFM),26/06/2025,abj,custody; trading platform; transfer,3,30,AT BE BG CY CZ DE DK EE EL ES FI FR HR HU IE IS IT LI LT LU LV MT NL NO PL PT RO SE SI SK,https://bitvavo.com/nl,,
Bleap SIA,Bleap,2549005P20R5UTQWNB80,LV,Latvijas Banka,25/06/2026,cd,exchange for funds; exchange for crypto,2,30,AT BE BG CY CZ DE DK EE EL ES FI FR HR HU IE IS IT LI LT LU LV MT NL NO PL PT RO SE SI SK,https://www.bleap.finance,,
BlockBen SIA,BlockBen,254900BBV7FA7LUG5913,LV,Latvijas Banka,03/12/2025,acdfj,custody; exchange for funds; exchange for crypto; placing; transfer,5,30,AT BE BG CY CZ DE DK EE EL ES FI FR HR HU IE IS IT LI LT LU LV MT NL NO PL PT RO SE SI SK,https://blockben.com/en/,,
BLOCKCHAIN PROCESS SECURITY (B.P.S.) SAS,FEEL MINING / WIGL ET OTHILA,9695000VFDEG5Z4JIY48,FR,Autorité des Marchés Financiers (AMF),24/07/2026,acdeij,custody; exchange for funds; exchange for crypto; execution; portfolio management; transfer,6,1,BE,https://feel-mining.com/,,
Blockchain.com Operations (Malta) Limited,Blockchain.com,254900GDCT8070R2VV26,MT,Malta Financial Services Authority (MFSA),22/10/2025,acdej,custody; exchange for funds; exchange for crypto; execution; transfer,5,29,AT BE BG CY CZ DE DK EE EL ES FI FR HR HU IE IS IT LI LT LU LV NL NO PL PT RO SE SI SK,www.blockchain.com,,
BLOCKNODES SAS,SWISSBORG,969500PZJWT3TD1SUI59,FR,Autorité des Marchés Financiers (AMF),05/03/2026,aefhij,custody; execution; placing; advice; portfolio management; transfer,6,29,AT BE BG CY CZ DE DK EE ES FI GR HR HU IE IS IT LI LT LU LV MT NL NO PL PT RO SE SI SK,https://swissborg.com/,,
Blockrise Capital B.V.,Blockrise,724500J6RZI9SE1AAP41,NL,Netherlands Authority for the Financial Markets (AFM),25/11/2025,aeij,custody; execution; portfolio management; transfer,4,30,AT BE BG CY CZ DE DK EE EL ES FI FR HR HU IE IS IT LI LT LU LV MT NL NO PL PT RO SE SI SK,https://www.blockrise.com/en,,
BLOX B.V.,BLOX B.V.,724500Z8JCXSX3351I94,NL,Netherlands Authority for the Financial Markets (AFM),30/09/2025,acj,custody; exchange for funds; transfer,3,4,BE DE ES NL,https://weareblox.com/,,
BNY SA/NV,BNY,MMYX0N4ZEZ13Z4XCG897,BE,National Bank of Belgium (NBB),20/07/2026,aj,custody; transfer,2,1,BE,www.bny.com,MiFID II investment firm,LEI
Boerse Stuttgart Digital Custody GmbH,Boerse Stuttgart Digital Custody GmbH,529900RC04FR9EHUT228,DE,Federal Financial Supervisory Authority (BaFin),17/01/2025,aj,custody; transfer,2,30,AT BE BG CY CZ DE DK EE EL ES FI FR HR HU IE IS IT LI LT LU LV MT NL NO PL PT RO SE SI SK,www.bsdigital.com,,
BP23 CA Limited,Bitpanda,984500DEID7B03J77118,MT,Malta Financial Services Authority (MFSA),27/01/2025,acdegj,custody; exchange for funds; exchange for crypto; execution; reception & transmission; transfer,6,1,MT,www.bitpanda.com,,
Bpifrance Investissement,Bpifrance Investissement,96950082Z6KUVA6TW686,FR,Autorité des Marchés Financiers (AMF),18/06/2026,h,advice,1,1,FR,https://www.bpifrance.fr/,AIFM,LEI
Bridge Building S.A.,Bridge,254900MVWQXMF77YZP65,LU,Commission de Surveillance du Secteur Financier (CSSF),29/06/2026,acdej,custody; exchange for funds; exchange for crypto; execution; transfer,5,29,AT BE BG CY CZ DE DK EE ES FI FR GR HR HU IE IS IT LI LT LV MT NL NO PL PT RO SE SI SK,www.bridge.xyz,,
Brilliantscope Trading Limited,tothemoon,9845009846V10FGD4840,CY,Cyprus Securities and Exchange Commission (CySEC),29/06/2026,acdefgj,custody; exchange for funds; exchange for crypto; execution; placing; reception & transmission; transfer,7,31,AT BE BG CY CZ DE DK EE EL ES FI FR GR HR HU IE IS IT LI LT LU LV MT NL NO PL PT RO SE SI SK,https://tothemoon.com,,
BTC Direct Europe B.V.,BTC Direct Europe B.V.,724500C4D3LQAKCEZ198,NL,Netherlands Authority for the Financial Markets (AFM),18/06/2025,cdj,exchange for funds; exchange for crypto; transfer,3,7,BE DE ES FR IT NL PT,https://my.btcdirect.eu/,,
Bullish Europe GmbH,Bullish Europe GmbH,2549008CBASK5Q680X12,DE,Federal Financial Supervisory Authority (BaFin),04/09/2025,acdej,custody; exchange for funds; exchange for crypto; execution; transfer,5,30,AT BE BG CY CZ DE DK EE EL ES FI FR HR HU IE IS IT LI LT LU LV MT NL NO PL PT RO SE SI SK,https://bullish.com/home-de/,,
BV & P Vermögen AG,BV & P Vermögen AG,529900R4Q9UCQ25IAA05,DE,Federal Financial Supervisory Authority (BaFin),13/03/2026,gi,reception & transmission; portfolio management,2,1,DE,www.bvp-vermoegen.de,MiFID II investment firm,LEI
Bybit EU GmbH,Bybit,5299005V5GBSN2A4C303,AT,Austrian Financial Market Authority (FMA),28/05/2025,acdfj,custody; exchange for funds; exchange for crypto; placing; transfer,5,29,AT BE BG CY CZ DE DK EE ES FI FR GR HR HU IE IS IT LI LT LU LV NL NO PL PT RO SE SI SK,https://www.bybit.eu,,
CACEIS BANK,CACEIS BANK,96950023SCR9X9F3L662,FR,Autorité des Marchés Financiers (AMF),23/06/2025,agj,custody; reception & transmission; transfer,3,7,BE DE ES IE IT LU NL,http://www.caceis.com,MiFID II investment firm,LEI
CAIXABANK S.A.,CAIXABANK,7CUNS533WID6K7DGFI87,ES,Comision Nacional del Mercado de Valores (CNMV),27/03/2026,aegj,custody; execution; reception & transmission; transfer,4,1,ES,https://caixabank.es,MiFID II investment firm,LEI
Calamatta Cuschieri Investment Services Limited,Calamatta Cuschieri Investment Services Limited,391200EKTIW0OR813R66,MT,Malta Financial Services Authority (MFSA),03/03/2026,ae,custody; execution,2,29,AT BE BG CY CZ DE DK EE EL ES FI FR HR HU IE IS IT LI LT LU LV NL NO PL PT RO SE SI SK,https://cc.com.mt,MiFID II investment firm,LEI
CAPITAL VAULT LTD,capital.com,984500C46B3B7B69Y904,CY,Cyprus Securities and Exchange Commission (CySEC),01/12/2025,acdej,custody; exchange for funds; exchange for crypto; execution; transfer,5,31,AT BE BG CY CZ DE DK EE EL ES FI FR GR HR HU IE IS IT LI LT LU LV MT NL NO PL PT RO SE SI SK,www.capital.com,,
CECABANK S.A.,CECABANK,549300CQ9NLEHMRCU505,ES,Comision Nacional del Mercado de Valores (CNMV),24/07/2025,agj,custody; reception & transmission; transfer,3,1,ES,www.cecabank.es,MiFID II investment firm,LEI
Celsion Bank AG,Celsion Bank AG,529900QHHMJYY9QSAC33,LI,Finanzmarktaufsicht (FMA),13/03/2026,acdj,custody; exchange for funds; exchange for crypto; transfer,4,30,AT BE BG CY CZ DE DK EE ES FI FR GR HR HU IE IS IT LI LT LU LV MT NL NO PL PT RO SE SI SK,www.celsion-finance.com,,
CF Technologies Ltd,Xcoins,98450091A6D61FB36406,MT,Malta Financial Services Authority (MFSA),27/06/2026,acdj,custody; exchange for funds; exchange for crypto; transfer,4,29,AT BE BG CY CZ DE DK EE EL ES FI FR HR HU IE IS IT LI LT LU LV NL NO PL PT RO SE SI SK,https://xcoins.com/en,,
Change Securities B.V.,"Change, Change Invest, getchange.com, ChangePro, changeinvest.com, AgenaTrader, agenatrader.com, TradersYard, tradersyard.com",7245009PUAT6U71IXZ51,NL,Netherlands Authority for the Financial Markets (AFM),20/04/2026,ace,custody; exchange for funds; execution,3,1,NL,https://www.changeinvest.com/,MiFID II investment firm,LEI
CHECKSIG S.R.L. SOCIETÀ BENEFIT,CheckSig,8156006C715AAACC5D19,IT,Commissione Nazionale per le Societa e la Borsa (CONSOB),06/05/2026,acdej,custody; exchange for funds; exchange for crypto; execution; transfer,5,1,IT,WWW.CHECKSIG.COM,,
CIRCLE INTERNET FINANCIAL EUROPE SAS,CIRCLE,969500OYUDADGZKCR583,FR,Autorité des Marchés Financiers (AMF),23/04/2026,aj,custody; transfer,2,29,AT BE BG CY CZ DE DK EE EL ES FI HR HU IE IS IT LI LT LU LV MT NL NO PL PT RO SE SI SK,https://www.circle.com/en/,,
ClearBank Europe N.V.,ClearBank Europe B.V.,724500EAW1MTCM9M1X68,NL,Netherlands Authority for the Financial Markets (AFM),03/04/2026,egj,execution; reception & transmission; transfer,3,22,AT BE BG CY CZ DE DK EE ES FI FR HU IE IS IT LT LU LV MT NL PL SE,https://clear.bank/,,
Clearstream Banking S.A.,Clearstream,549300OL514RA0SXJJ44,LU,Commission de Surveillance du Secteur Financier (CSSF),07/02/2025,a,custody,1,30,AT BE BG CY CZ DE DK EE ES FI FR GR HR HU IE IS IT LI LT LU LV MT NL NO PL PT RO SE SI SK,https://www.clearstream.com/clearstream-en/,MiFID II investment firm,LEI
Cloverum Finance (CY) Limited,Cloverum,213800IWLH982X74LO71,CY,Cyprus Securities and Exchange Commission (CySEC),06/07/2026,acdegj,custody; exchange for funds; exchange for crypto; execution; reception & transmission; transfer,6,31,AT BE BG CY CZ DE DK EE EL ES FI FR GR HR HU IE IS IT LI LT LU LV MT NL NO PL PT RO SE SI SK,www.cloverum.com,,
Coinbase Luxembourg S.A.,Coinbase,984500F14CA4571AAC11,LU,Commission de Surveillance du Secteur Financier (CSSF),20/06/2025,acdefgj,custody; exchange for funds; exchange for crypto; execution; placing; reception & transmission; transfer,7,30,AT BE BG CY CZ DE DK EE ES FI FR GR HR HU IE IS IT LI LT LU LV MT NL NO PL PT RO SE SI SK,https.//coinbase.com,,
Coinfinity GmbH,Coinfinity,529900BSNR4XPZ6WBK17,AT,Austrian Financial Market Authority (FMA),19/12/2025,acdhj,custody; exchange for funds; exchange for crypto; advice; transfer,5,4,AT DE LI LU,https://coinfinity.co,,
COINHOUSE SAS,COINHOUSE,969500E5GFHK2RKF8251,FR,Autorité des Marchés Financiers (AMF),07/05/2026,acdehij,custody; exchange for funds; exchange for crypto; execution; advice; portfolio management; transfer,7,3,BE ES LU,https://www.coinhouse.com/,,
Coinify ApS,Coinify,9845009Q9DDAE03FDE38,DK,Finanstilsynet,29/05/2026,cdej,exchange for funds; exchange for crypto; execution; transfer,4,30,AT BE BG CY CZ DE DK EE ES FI FR GR HR HU IE IS IT LI LT LU LV MT NL NO PL PT RO SE SI SK,https://www.coinify.com/,,
CoinJar Europe Limited,CoinJar,98450066Q3A1G1A4T786,IE,Central Bank of Ireland (CBI),09/12/2025,acdj,custody; exchange for funds; exchange for crypto; transfer,4,30,AT BE BG CY CZ DE DK EE ES FI FR GR HR HU IE IS IT LI LT LU LV MT NL NO PL PT RO SE SI SK,https://www.coinjar.com,,
COINMATE a.s.,,3157005QCM6Y91CUV844,CZ,Czech National Bank (CNB),27/02/2026,abcdj,custody; trading platform; exchange for funds; exchange for crypto; transfer,5,29,AT BE BG CY DE DK EE ES FI FR GR HR HU IE IS IT LI LT LU LV MT NL NO PL PT RO SE SI SK,https://coinmate.io/cs,,
Coinmerce B.V.,Coinmerce B.V..,724500DMUDFJZNYNEF35,NL,Netherlands Authority for the Financial Markets (AFM),05/11/2025,acdj,custody; exchange for funds; exchange for crypto; transfer,4,6,BE DE ES FR NL PL,https://coinmerce.io,,
Coinmotion Oy,Coinmotion,743700PZG5RRF7SA4Q58,FI,Finanssivalvonta (FIN-FSA),02/07/2025,acej,custody; exchange for funds; execution; transfer,4,2,FI SE,https://coinmotion.com,,
COINSHARES ASSET MANAGEMENT,COINSHARES ASSET MANAGEMENT,969500DBF3ZL9U0KUA51,FR,Autorité des Marchés Financiers (AMF),17/07/2025,hi,advice; portfolio management,2,7,CY DE IE LT LU MT NL,https://coinshares.com/,AIFM,LEI
COLLECT & EXCHANGE CY LTD,COLLECT & EXCHANGE CY LTD,2138005C815T9EZU4C75,CY,Cyprus Securities and Exchange Commission (CySEC),22/09/2025,acdj,custody; exchange for funds; exchange for crypto; transfer,4,30,AT BE BG CY CZ DE DK EE EL ES FI FR HR HU IE IS IT LI LT LU LV MT NL NO PL PT RO SE SI SK,https://collectnexchange.cy/,,
COMETH SAS,COMETH,894500R5KSX3ZKIHSA46,FR,Autorité des Marchés Financiers (AMF),04/12/2025,adj,custody; exchange for crypto; transfer,3,20,AT BE BG CY DE EE EL ES FI HR IE IT LT LU LV MT NL PT SI SK,https://cometh.io/,,
Commerzbank Aktiengesellschaft,Commerzbank Aktiengesellschaft,851WYGNLUQLFZBSYGB56,DE,Federal Financial Supervisory Authority (BaFin),07/04/2025,aj,custody; transfer,2,2,DE IT,Commerzbank AG – Investor Relations,MiFID II investment firm,LEI
COMPLYCRYPTO DEPOSITORY EU LIMITED,,254900J8O1555O3B2T92,CY,Cyprus Securities and Exchange Commission (CySEC),29/06/2026,acdegj,custody; exchange for funds; exchange for crypto; execution; reception & transmission; transfer,6,1,CY,www.complycrypto.eu,,
CONCEDUS GmbH,CONCEDUS GmbH,529900114Q5XQ6KLYR24,DE,Federal Financial Supervisory Authority (BaFin),15/01/2026,gh,reception & transmission; advice,2,1,DE,https://concedus.com/,MiFID II investment firm,LEI
Confirmo Limited,Confirmo Limited,984500F75CJ82D8B7D76,IE,Central Bank of Ireland (CBI),16/12/2025,cdj,exchange for funds; exchange for crypto; transfer,3,30,AT BE BG CY CZ DE DK EE ES FI FR GR HR HU IE IS IT LI LT LU LV MT NL NO PL PT RO SE SI SK,confirmo.eu,,
CONIO S.R.L.,Conio,8945000EH59XYZHK0B92,IT,Commissione Nazionale per le Societa e la Borsa (CONSOB),16/06/2026,acdefj,custody; exchange for funds; exchange for crypto; execution; placing; transfer,6,1,IT,www.conio.com,,
CPS Europe S.A.,CPS,984500CFB88366E9B834,LU,Commission de Surveillance du Secteur Financier (CSSF),03/07/2026,acdej,custody; exchange for funds; exchange for crypto; execution; transfer,5,29,AT BE BG CY CZ DE DK EE ES FI FR GR HR HU IE IS IT LI LT LV MT NL NO PL PT RO SE SI SK,https://www.enum8.com/,,
CRIPTAN TRADE S.L.,CRIPTAN,959800AZN23P7F30C189,ES,Comision Nacional del Mercado de Valores (CNMV),26/06/2026,acdj,custody; exchange for funds; exchange for crypto; transfer,4,27,AT BE BG CY CZ DE DK EE ES FI FR GR HR HU IE IT LT LU LV MT NL PL PT RO SE SI SK,www.criptan.com,,
CROSSMINT EUROPE S.L.,CROSSMINT,959800B6XCG14MKLTJ51,ES,Comision Nacional del Mercado de Valores (CNMV),26/06/2026,acj,custody; exchange for funds; transfer,3,27,AT BE BG CY CZ DE DK EE ES FI FR GR HR HU IE IT LT LU LV MT NL PL PT RO SE SI SK,www.crossmint.com,,
Crypto Finance (Deutschland) GmbH,Crypto Finance (Deutschland) GmbH,3912009ZGE8258OMPE28,DE,Federal Financial Supervisory Authority (BaFin),24/01/2025,acdej,custody; exchange for funds; exchange for crypto; execution; transfer,5,15,AT BE DE ES FR GR HU IT LI LU MT NL PL PT SK,https://www.crypto-finance.com/germany/de/,,
Cryptonow GmbH,Cryptonow,529900LZM6X3GBFNLG10,AT,Austrian Financial Market Authority (FMA),15/10/2025,acdj,custody; exchange for funds; exchange for crypto; transfer,4,30,AT BE BG CY CZ DE DK EE ES FI FR GR HR HU IE IS IT LI LT LU LV MT NL NO PL PT RO SE SI SK,https://www.cryptonow.at,,
CRYPTOSMART S.P.A.,Cryptosmart,815600C7E86B02BBE483,IT,Commissione Nazionale per le Societa e la Borsa (CONSOB),24/06/2026,acdefj,custody; exchange for funds; exchange for crypto; execution; placing; transfer,6,1,IT,https://cryptosmart.it/,,
D2X Group N.V.,D2X,7245002DD3GNFXPGPP93,NL,Netherlands Authority for the Financial Markets (AFM),26/03/2026,a,custody,1,1,NL,https://d2x.com/,MiFID II investment firm,LEI
DADAT Krypto GmbH,DADAT,529900KTP3Y86BZKY754,AT,Austrian Financial Market Authority (FMA),16/12/2025,e,execution,1,1,AT,https://www.dad.at,,
Damex Digital LTD,Damex,9845008E8QA4CCFE5F68,MT,Malta Financial Services Authority (MFSA),29/01/2026,acdej,custody; exchange for funds; exchange for crypto; execution; transfer,5,29,AT BE BG CY CZ DE DK EE EL ES FI FR HR HU IE IS IT LI LT LU LV NL NO PL PT RO SE SI SK,www.damex.io,,
DEBLOCK SAS,DEBLOCK,254900XTUI35BGIBXP21,FR,Autorité des Marchés Financiers (AMF),23/05/2025,cde,exchange for funds; exchange for crypto; execution,3,29,AT BE BG CY CZ DE DK EE ES FI GR HR HU IE IS IT LI LT LU LV MT NL NO PL PT RO SE SI SK,https://deblock.com/,,
Decubate B.V.,Decubate B.V.,894500ZVOL3A9LO8LN34,NL,Netherlands Authority for the Financial Markets (AFM),31/07/2025,aef,custody; execution; placing,3,30,AT BE BG CY CZ DE DK EE EL ES FR Fi HR HU IE IS IT LI LT LU LV MT NL NO PL PT RO SE SI SK,https://www.decubate.com/ | https://platform.decubate.com/,,
DekaBank Deutsche Girozentrale,DekaBank Deutsche Girozentrale,0W2PZJM8XOY22M4GG883,DE,Federal Financial Supervisory Authority (BaFin),01/12/2025,acej,custody; exchange for funds; execution; transfer,4,1,DE,https://www.deka.de/deka-gruppe,MiFID II investment firm,LEI
DESKOIN SAS,DESKOIN,969500QH6WD4FO79B261,FR,Autorité des Marchés Financiers (AMF),28/04/2026,acdehj,custody; exchange for funds; exchange for crypto; execution; advice; transfer,6,7,BE DE ES IT LU NL PT,https://www.deskoin.com/,,
Deutsche Bank Aktiengesellschaft,Deutsche Bank Aktiengesellschaft,7LTWFZYICNSX8D621K86,DE,Federal Financial Supervisory Authority (BaFin),12/10/2026,aj,custody; transfer,2,1,DE,www.deutsche-bank.de,MiFID II investment firm,LEI
Deutsche WertpapierService Bank AG,Deutsche WertpapierService Bank AG (dwpbank),529900EXG2PM316ISO63,DE,Federal Financial Supervisory Authority (BaFin),04/12/2025,aej,custody; execution; transfer,3,1,DE,https://dwpbank.de,MiFID II investment firm,LEI
Dietrich & Richter Private Asset Management AG,Dietrich & Richter Private Asset Management AG,98450068F88BDF3E8D32,DE,Federal Financial Supervisory Authority (BaFin),18/08/2025,hi,advice; portfolio management,2,1,DE,https://www.drpam.de/,MiFID II investment firm,LEI
DIGITAL ASSETS Limited liability company for intermediation and services,BITCOIN STORE,984500NB7D12BC5B4A79,HR,Croatian Financial Services Supervisory Agency (HANFA),01/06/2026,acdfgj,custody; exchange for funds; exchange for crypto; placing; reception & transmission; transfer,6,30,AT BE BG CY CZ DE DK EE ES FI FR GR HR HU IE IS IT LI LT LU LV MT NL NO PL PT RO SE SI SK,https://www.bitstore.net/,,
Digital Assist OOD,Digital Assist,8755007GZKOS1VJ6BZ82,BG,Financial Supervision Commission (FSC),21/07/2026,c,exchange for funds,1,1,BG,https://digitalassist.bg/,,
Digital Currency Services B.V.,DCS | HappyCoins,724500QZRWKCU8D2L569,NL,Netherlands Authority for the Financial Markets (AFM),30/06/2026,acj,custody; exchange for funds; transfer,3,1,NL,https://happycoins.com/,,
DLT Securities GmbH,DLT Securities GmbH,391200EYHDBM1YQI7A32,DE,Federal Financial Supervisory Authority (BaFin),18/12/2025,cdefghi,exchange for funds; exchange for crypto; execution; placing; reception & transmission; advice; portfolio management,7,28,AT BE BG CY CZ DE DK EE ES FI FR HR HU IE IS IT LI LT LU MT NL NO PL PT RO SE SI SK,www.dlt-finance.com,MiFID II investment firm,LEI
Donau-Iller-Bank eG,Donau-Iller-Bank eG,529900P8OKWO25XE4251,DE,Federal Financial Supervisory Authority (BaFin),01/07/2026,e,execution,1,1,DE,www.donau-iller-bank.de,MiFID II investment firm,LEI
DonauCapital Wertpapier GmbH,DonauCapital Wertpapier GmbH,894500C1QM5XBU31PT95,DE,Federal Financial Supervisory Authority (BaFin),27/10/2025,g,reception & transmission,1,1,DE,https://www.donaucapital.de,MiFID II investment firm,LEI
DUE NETWORK S.L.,DUE,89450026TTLUZJV1XM36,ES,Comision Nacional del Mercado de Valores (CNMV),12/06/2026,cd,exchange for funds; exchange for crypto,2,30,AT BE BG CY CZ DE DK EE ES FI FR GR HR HU IE IS IT LI LT LU LV MT NL NO PL PT RO SE SI SK,http://www.opendue.com/,,
DZ BANK AG Deutsche Zentral-Genossenschaftsbank,DZ BANK AG Deutsche Zentral-Genossenschaftsbank,529900HNOAA1KXQJUQ27,DE,Federal Financial Supervisory Authority (BaFin),23/12/2025,aej,custody; execution; transfer,3,1,DE,https://www.dzbank.de,MiFID II investment firm,LEI
ELECTROCOIN Ltd for services,ELECTROCOIN,747800R015JVW1T4WZ71,HR,Croatian Financial Services Supervisory Agency (HANFA),09/04/2026,acd,custody; exchange for funds; exchange for crypto,3,30,AT BE BG CY CZ DE DK EE ES FI FR GR HR HU IE IS IT LI LT LU LV MT NL NO PL PT RO SE SI SK,https://electrocoin.eu/hr,,
eToro (Europe) Ltd,e Toro,213800GIFQMSV7HROS23,CY,Cyprus Securities and Exchange Commission (CySEC),16/01/2025,aceghij,custody; exchange for funds; execution; reception & transmission; advice; portfolio management; transfer,7,30,AT BE BG CY CZ DE DK EE EL ES FI FR HR HU IE IS IT LI LT LU LV MT NL NO PL PT RO SE SI SK,www.etoro.com,MiFID II investment firm,LEI
EU Internet Ventures B.V.,EU Internet Ventures |EUIV|BNXA,69940000HAL9ODW3IMO22,NL,Netherlands Authority for the Financial Markets (AFM),08/10/2025,cdj,exchange for funds; exchange for crypto; transfer,3,30,AT BE BG CY CZ DE DK EE EL ES FI FR HR HU IE IS IT LI LT LU LV MT NL NO PL PT RO SE SI SK,https://banxa.com,,
EUWAX AG,EUWAX AG,529900032TYR45XIEW79,DE,Federal Financial Supervisory Authority (BaFin),01/04/2025,cde,exchange for funds; exchange for crypto; execution,3,30,AT BE BG CY CZ DE DK EE ES FI FR GR HR HU IE IS IT LI LT LU LV MT NL NO PL PT RO SE SI SK,www.euwax-ag.de,MiFID II investment firm,LEI
Everest Network Limited,Everest,984500C3A855AC77FE74,MT,Malta Financial Services Authority (MFSA),30/06/2026,aefgj,custody; execution; placing; reception & transmission; transfer,5,29,AT BE BG CY CZ DE DK EE EL ES FI FR HR HU IE IS IT LI LT LU LV NL NO PL PT RO SE SI SK,https://www.everest.org/,,
FalconX Limited,FalconX,984500F6A0762F9LA923,MT,Malta Financial Services Authority (MFSA),26/06/2026,acdej,custody; exchange for funds; exchange for crypto; execution; transfer,5,29,AT BE BG CY CZ DE DK EE EL ES FI FR HR HU IE IS IT LI LT LU LV NL NO PL PT RO SE SI SK,https://www.falconx.io/,,
Fels wealth GmbH,Fels wealth GmbH,391200LUYJY880GPSY38,DE,Federal Financial Supervisory Authority (BaFin),10/12/2025,eghi,execution; reception & transmission; advice; portfolio management,4,1,DE,https://followmymoney.de/,MiFID II investment firm,LEI
FF Digital EOOD,FF Digital,648851FOKWX4PG639059,BG,Financial Supervision Commission (FSC),10/09/2026,abcdegij,custody; trading platform; exchange for funds; exchange for crypto; execution; reception & transmission; portfolio management; transfer,8,1,BG,https://www.ffdigital.eu/,,
Fiat Republic Netherlands B.V.,Fiat Republic Netherlands B.V.,724500GVWT7QULV8CR59,NL,Netherlands Authority for the Financial Markets (AFM),05/08/2025,aj,custody; transfer,2,30,AT BE BG CY CZ DE DK EE EL ES FR Fi HR HU IE IS IT LI LT LU LV MT NL NO PL PT RO SE SI SK,https://fiatrepublic.com/,,
FIDUS Finanz AG,FIDUS Finanz AG,529900XCSUEUBT5TX310,DE,Federal Financial Supervisory Authority (BaFin),19/12/2025,eghi,execution; reception & transmission; advice; portfolio management,4,1,DE,https://fidus-ag.de,MiFID II investment firm,LEI
FINARY SAS,FINARY,969500RQH18PU24DM081,FR,Autorité des Marchés Financiers (AMF),06/07/2026,agj,custody; reception & transmission; transfer,3,26,AT BE BG CY CZ DE DK EE ES FI GR HR HU IE IT LT LU LV MT NL PL PT RO SE SI SK,https://finary.com/en,MiFID II investment firm,LEI
FINCTEK UE SAS,FINCTEK,969500PTJJZTCE0I3B60,FR,Autorité des Marchés Financiers (AMF),11/09/2025,acdefj,custody; exchange for funds; exchange for crypto; execution; placing; transfer,6,7,BE DE ES IT LU NL PT,https://finctek.com,,
Finst B.V.,Finst B.V.,724500UI8UD7HKGVJX65,NL,Netherlands Authority for the Financial Markets (AFM),24/07/2025,aegj,custody; execution; reception & transmission; transfer,4,30,AT BE BG CY CZ DE DK EE EL ES FI FR HR HU IE IS IT LI LT LU LV MT NL NO PL PT RO SE SI SK,https://finst.com/,,
FINTECH PAYMENTS PSC S.L.,CRYPTOPOCKET,549300746K71T6YJCV41,ES,Comision Nacional del Mercado de Valores (CNMV),31/07/2026,c,exchange for funds,1,27,AT BE BG CY CZ DE DK EE ES FI FR GR HR HU IE IT LT LU LV MT NL PL PT RO SE SI SK,https://cryptopocket.io/,,
FINTECH SK s. r. o.,BITCOINMAT,31570000GC0U68O6PA08,SK,National Bank of Slovakia (NBS),19/12/2025,acdej,custody; exchange for funds; exchange for crypto; execution; transfer,5,27,AT BE BG CY CZ DE DK EE ES FI FR GR HR HU IE IT LT LU LV MT NL PL PT RO SE SI SK,https://bitcoinmat.sk,,
"Fintegence, s.r.o.",Cryptovoucher,097900CAKA0000272448,SK,National Bank of Slovakia (NBS),18/12/2025,acj,custody; exchange for funds; transfer,3,30,AT BE BG CY CZ DE DK EE EL ES FI FR HR HU IE IS IT LI LT LU LV MT NL NO PL PT RO SE SI SK,https://cryptovoucher.io/|https://giftmecrypto.io/,,
FIOR Digital GmbH,21bitcoin,529900HMYYJR2NHVZ124,AT,Austrian Financial Market Authority (FMA),27/11/2025,acj,custody; exchange for funds; transfer,3,30,AT BE BG CY CZ DE DK EE ES FI FR GR HR HU IE IS IT LI LT LU LV MT NL NO PL PT RO SE SK SL,https://www.21bitcoin.app,,
FIPTO PI SAS,FIPTO,969500A0DYUNF5NX9R84,FR,Autorité des Marchés Financiers (AMF),23/01/2026,acdej,custody; exchange for funds; exchange for crypto; execution; transfer,5,29,AT BE BG CY CZ DE DK EE ES FI GR HR HU IE IS IT LI LT LU LV MT NL NO PL PT RO SE SI SK,https://www.fipto.com/,,
Firefish Europe s.r.o,Firefish,9845004E55FCFA069549,SK,National Bank of Slovakia (NBS),02/01/2026,acdj,custody; exchange for funds; exchange for crypto; transfer,4,30,AT BE BG CY CZ DE DK EE ES FI FR GR HR HU IE IS IT LI LT LU LV MT NL NO PL PT RO SE SI SK,https://firefish.io/,,
FIRI AS,,9845003B8462B18FHE35,NO,Norwegian Financial Supervisory Authority (Finanstilsynet),22/05/2026,abcdej,custody; trading platform; exchange for funds; exchange for crypto; execution; transfer,6,30,AT BE BG CY CZ DE DK EE ES FI FR GR HR HU IE IS IT LI LT LU LV MT NL NO PL PT RO SE SI SK,https://firi.com/no,,
flatexDEGIRO Bank AG,flatexDEGIRO Bank AG,529900MKYC1FZ83V3121,DE,Federal Financial Supervisory Authority (BaFin),04/04/2025,e,execution,1,15,AT BE CZ DE DK ES FI FR GR IE IT NL PL PT SE,www.flatexdegiro.com/de/flatexdegiro-bank/login,MiFID II investment firm,LEI
Floin AG,Floin AG,391200Z1YA45VPMIGP98,LI,Finanzmarktaufsicht (FMA),10/06/2026,acdfj,custody; exchange for funds; exchange for crypto; placing; transfer,5,1,LI,https://floin.com/,,
FLOWDESK EUROPE SAS,FLOWDESK EUROPE,984500AB011S3AEF6706,FR,Autorité des Marchés Financiers (AMF),25/06/2026,acdej,custody; exchange for funds; exchange for crypto; execution; transfer,5,10,DE EE ES GR LI LU LV NL PT SE,https://www.flowdesk.co/,,
Foris DAX MT Limited,Crypto.com,2549005CVR5HH70FDO07,MT,Malta Financial Services Authority (MFSA),27/01/2025,acdegj,custody; exchange for funds; exchange for crypto; execution; reception & transmission; transfer,6,29,AT BE BG CY CZ DE DK EE EL ES FI FR HR HU IE IS IT LI LT LU LV NL NO PL PT RO SE SI SK,crypto.com,,
Frankfurter Volksbank Rhein/Main eG,Frankfurter Volksbank Rhein/Main eG,529900967AJZ6T29Q111,DE,Federal Financial Supervisory Authority (BaFin),21/08/2026,e,execution,1,1,DE,www.frankfurter-volksbank.de,MiFID II investment firm,LEI
"FUMBI, s.r.o.",FUMBI,097900CAKA0000269926,SK,National Bank of Slovakia (NBS),18/12/2025,acdhij,custody; exchange for funds; exchange for crypto; advice; portfolio management; transfer,6,27,AT BE BG CY CZ DE DK EE ES FI FR GR HR HU IE IT LT LU LV MT NL PL PT RO SE SI SK,https://fumbi.network/sk/,,
Gate Technology Limited,Gate,984500D6A0F945BB5A15,MT,Malta Financial Services Authority (MFSA),29/09/2025,abcdej,custody; trading platform; exchange for funds; exchange for crypto; execution; transfer,6,29,AT BE BG CY CZ DE DK EE EL ES FI FR HR HU IE IS IT LI LT LU LV NL NO PL PT RO SE SI SK,www.gate.com/en-eu,,
GateHub Exchange družba za izvajanje storitev v zvezi s kriptosredstvi d.o.o.,GateHub Exchange,485100FKB79GMCXY4P55,SI,Securities Market Agency (ATVP),24/08/2026,acdj,custody; exchange for funds; exchange for crypto; transfer,4,30,AT BE BG CY CZ DE DK EE EL ES FI FR HR HU IE IS IT LI LT LU LV MT NL NO PL PT RO SE SI SK,https://www.gatehub.net/,,
GC Exchange A/S,GCEX|GC Exchange,254900TM3KOYH0SY8V19,DK,Finanstilsynet,12/12/2025,cdej,exchange for funds; exchange for crypto; execution; transfer,4,2,DK NL,https://gc.exchange/,,
Gemini Intergalactic EU Ltd,Gemini,2138002QAMX8PPKSO715,MT,Malta Financial Services Authority (MFSA),21/08/2025,acdefgj,custody; exchange for funds; exchange for crypto; execution; placing; reception & transmission; transfer,7,29,AT BE BG CY CZ DE DK EE EL ES FI FR HR HU IE IS IT LI LT LU LV NL NO PL PT RO SE SI SK,www.gemini.com,,
"GG Digital, a.s.",,984500C0OE94NDA81B62,CZ,Czech National Bank (CNB),14/05/2026,acdhj,custody; exchange for funds; exchange for crypto; advice; transfer,5,1,CZ,https://www.goldengate.cz/,,
GOin SAS,GOIN,894500LM6DICD790FQ34,FR,Autorité des Marchés Financiers (AMF),19/06/2025,acdehij,custody; exchange for funds; exchange for crypto; execution; advice; portfolio management; transfer,7,26,AT BE BG CY CZ DE DK EE ES FI GR HR HU IE IT LT LU LV MT NL PL PT RO SE SI SK,https://goin-invest.com,,
Hannoversche Volksbank eG,Hannoversche Volksbank eG,529900MQJIQGD8N3YV53,DE,Federal Financial Supervisory Authority (BaFin),12/12/2025,e,execution,1,1,DE,https://www.hannoversche-volksbank.de/,MiFID II investment firm,LEI
Hauck Aufhäuser Digital Custody GmbH,Hauck Aufhäuser Digital Custody GmbH,391200LACJ601I2ONV49,DE,Federal Financial Supervisory Authority (BaFin),28/11/2025,aj,custody; transfer,2,1,DE,https://www.hal-privatbank.com/asset-servicing/digitale-assets/regulierte-kryptoverwahrung,,
HERCLE S.R.L.,Hercle,984500AEBA8A0HQ44988,IT,Commissione Nazionale per le Societa e la Borsa (CONSOB),30/06/2026,acdj,custody; exchange for funds; exchange for crypto; transfer,4,27,AT BE BG CY CZ DE DK EE ES FI FR GR HR HU IE IT LT LU LV MT NL PL PT RO SE SI SK,https://www.hercle.financial,,
HEXARQ SAS,HEXARQ,969500TD4VXAOPXPVW02,FR,Autorité des Marchés Financiers (AMF),05/02/2026,acdej,custody; exchange for funds; exchange for crypto; execution; transfer,5,2,BE PT,https://www.hexarq.com/,,
Hidden Road Partners CIV NL B.V.,Hidden Road Partners CIV NL B.V.,549300OOZDNZ3F2XJW21,NL,Netherlands Authority for the Financial Markets (AFM),30/12/2024,cde,exchange for funds; exchange for crypto; execution,3,30,AT BE BG CY CZ DE DK EE EL ES FI FR HR HU IE IS IT LI LT LU LV MT NL NO PL PT RO SE SI SK,https://hiddenroad.com/,MiFID II investment firm,LEI
Hodleris SIA,Hodleris,648812ZREA1B126B8G06,LV,Latvijas Banka,25/06/2026,acdj,custody; exchange for funds; exchange for crypto; transfer,4,30,AT BE BG CY CZ DE DK EE EL ES FI FR HR HU IE IS IT LI LT LU LV MT NL NO PL PT RO SE SI SK,https://hfinance.eu/,,
HODLIE S.R.L.,Hodli,9845006D4F5D2E5F8554,IT,Commissione Nazionale per le Societa e la Borsa (CONSOB),30/06/2026,ai,custody; portfolio management,2,17,AT CY CZ DE EE ES FR GR IE IT LI LT LU MT NL PL PT,https://hodli.com,,
Hrvatska poštanska banka d.d.,HPB d.d.,529900D5G4V6THXC5P79,HR,Croatian National Bank,16/06/2026,a,custody,1,1,HR,https://www.hpb.hr/,MiFID II investment firm,LEI
Huddlestock GmbH,Huddlestock GmbH,549300Y6TSD1DUCXD871,DE,Federal Financial Supervisory Authority (BaFin),06/11/2025,g,reception & transmission,1,1,DE,www.huddlestock.com,MiFID II investment firm,LEI
Hyphe Markets GmbH,Hyphe Markets GmbH,3912000K5NAA00M4HH04,DE,Federal Financial Supervisory Authority (BaFin),24/11/2025,c,exchange for funds,1,11,AT BE CZ DE IT LI LT LU NL PL SI,https://hyphe.com/,MiFID II investment firm,LEI
ICEBLOCK SAS,ICEBLOCK,9695005CVRZDK63ZST85,FR,Autorité des Marchés Financiers (AMF),30/06/2026,aij,custody; portfolio management; transfer,3,1,FR,https://www.iceblockinvestments.com/,,
IG Europe GmbH,IG Europe GmbH,213800HFC5G4V293BN91,DE,Federal Financial Supervisory Authority (BaFin),21/11/2025,acde,custody; exchange for funds; exchange for crypto; execution,4,27,AT CY CZ DE DK EE ES FI FR GR HR HU IE IT LI LT LU LV MT NL NO PL PT RO SE SI SK,https://www.ig.com/de,MiFID II investment firm,LEI
Ihre Volksbank eG Neckar Odenwald Main Tauber,Ihre Volksbank eG Neckar Odenwald Main Tauber,529900XUBIXXFHP44185,DE,Federal Financial Supervisory Authority (BaFin),18/08/2026,e,execution,1,1,DE,www.ihre-vb.de,MiFID II investment firm,LEI
ILAVO GROUP a.s.,,315700DWN9FHXPPTHD55,CZ,Czech National Bank (CNB),12/02/2026,acdegj,custody; exchange for funds; exchange for crypto; execution; reception & transmission; transfer,6,3,HU PL SK,https://www.ilavo.cz/cs,,
ILIRIKA borzno posredniška hiša d.d.,Ilirika,529900OSVFQK3XISEQ85,SI,Securities Market Agency (ATVP),04/10/2025,aegi,custody; execution; reception & transmission; portfolio management,4,30,AT BE BG CY CZ DE DK EE EL ES FI FR HR HU IE IS IT LI LT LU LV MT NL NO PL PT RO SE SI SK,https://www.ilirika.si/,MiFID II investment firm,LEI
IN KAPITAL limited liability company for trade and services,IN KAPITAL,747800O0P6DFI8RSKT10,HR,Croatian Financial Services Supervisory Agency (HANFA),17/06/2026,c,exchange for funds,1,1,HR,https://www.inkapital.hr/,,
INCREMENTUM poslovne storitve d.o.o.,Incrementum,485100UM87L7ILR4L484,SI,Securities Market Agency (ATVP),22/11/2025,ahi,custody; advice; portfolio management,3,3,HR IT SI,https://incrementum.si/,,
Interactive Brokers Ireland Limited,Interactive Brokers Ireland Limited,5493001B9LDFCQUY9273,IE,Central Bank of Ireland (CBI),22/01/2026,g,reception & transmission,1,30,AT BE BG CY CZ DE DK EE ES FI FR GR HR HU IE IS IT LI LT LU LV MT NL NO PL PT RO SE SI SK,https://www.interactivebrokers.ie,MiFID II investment firm,LEI
Invity Finance s.r.o.,,64880741U1SN9TUWJ897,CZ,Czech National Bank (CNB),11/02/2026,acdegj,custody; exchange for funds; exchange for crypto; execution; reception & transmission; transfer,6,7,AT DE ES IT NL PL SK,www.invity.io,,
"IP wBTCb solutions, s.r.o.",,315700I7V6W7BLAI9Z32,CZ,Czech National Bank (CNB),13/06/2026,acdj,custody; exchange for funds; exchange for crypto; transfer,4,1,CZ,https://bit.plus,,
IQANA TECHNOLOGIES S.L.,IQANA TECHNOLOGIES S.L.,959800AZT2DVBLZQY241,ES,Comision Nacional del Mercado de Valores (CNMV),10/07/2026,i,portfolio management,1,3,DE ES PT,https://iqana.io/,,
ISF Institut Deutsch-Schweizer Finanzdienstleistungen GmbH,ISF Institut Deutsch-Schweizer Finanzdienstleistungen GmbH,529900N0VN8J4S4SCG77,DE,Federal Financial Supervisory Authority (BaFin),28/01/2026,g,reception & transmission,1,1,DE,www.isf-institut.de,MiFID II investment firm,LEI
J2TX Ltd,,213800186TP6OZSHUV17,CY,Cyprus Securities and Exchange Commission (CySEC),16/03/2026,acdeghij,custody; exchange for funds; exchange for crypto; execution; reception & transmission; advice; portfolio management; transfer,8,31,AT BE BG CY CZ DE DK EE EL ES FI FR GR HR HU IE IS IT LI LT LU LV MT NL NO PL PT RO SE SI SK,www.j2tx.com,,
Januar ApS,Januar,984500A43E7FFC73CR76,DK,Finanstilsynet,29/06/2026,aej,custody; execution; transfer,3,30,AT BE BG CY CZ DE DK EE ES FI FR GR HR HU IE IS IT LI LT LU LV MT NL NO PL PT RO SE SI SK,https://www.januar.com/,,
"Joh. Berenberg, Gossler & Co. KG","Joh. Berenberg, Gossler & Co. KG",529900UC2OD7II24Z667,DE,Federal Financial Supervisory Authority (BaFin),06/03/2026,acdegj,custody; exchange for funds; exchange for crypto; execution; reception & transmission; transfer,6,1,DE,www.berenberg.de,MiFID II investment firm,LEI
JT Technologies GmbH,justTRADE,529900YERL5TV5YJCR45,DE,Federal Financial Supervisory Authority (BaFin),14/07/2026,eg,execution; reception & transmission,2,1,DE,https://www.justtrade.com/,MiFID II investment firm,LEI
K33 MARKETS as,,6367008S3JL8VVP6T689,NO,Norwegian Financial Supervisory Authority (Finanstilsynet),16/06/2026,aej,custody; execution; transfer,3,5,DK FI GR NO SE,https://www.k33.com,,
Kaiser Partner Privatbank AG,Kaiser Partner Privatbank,529900DPOQPLDSF3R482,LI,Finanzmarktaufsicht (FMA),29/06/2026,agij,custody; reception & transmission; portfolio management; transfer,4,30,AT BE BG CY CZ DE DK EE ES FI FR GR HR HU IE IS IT LI LT LU LV MT NL NO PL PT RO SE SI SK,https://kaiserpartner.bank,MiFID II investment firm,LEI
KBC Bank NV,KBC,6B2PBRV1FCJDMR45RZ53,BE,National Bank of Belgium (NBB),,aej,custody; execution; transfer,3,1,BE,www.kbc.com,MiFID II investment firm,LEI
KEYROCK FR SAS,KEYROCK,9845001BAFC53ODN8C90,FR,Autorité des Marchés Financiers (AMF),12/06/2026,acdej,custody; exchange for funds; exchange for crypto; execution; transfer,5,29,AT BE BG CY CZ DE DK EE ES FI GR HR HU IE IS IT LI LT LU LV MT NL NO PL PT RO SE SI SK,https://keyrock.com/,,
Krypto Knight Ltd,KRYPTO KNIGHT,984500I2EA955E934537,CY,Cyprus Securities and Exchange Commission (CySEC),15/06/2026,acdegj,custody; exchange for funds; exchange for crypto; execution; reception & transmission; transfer,6,31,AT BE BG CY CZ DE DK EE EL ES FI FR GR HR HU IE IS IT LI LT LU LV MT NL NO PL PT RO SE SI SK,www.krypto-knight.com,,
KuCoin EU Exchange GmbH,KuCoin EU,529900B4G0EGK7Z9KT45,AT,Austrian Financial Market Authority (FMA),27/11/2025,acdfj,custody; exchange for funds; exchange for crypto; placing; transfer,5,29,AT BE BG CY CZ DE DK EE ES FI FR GR HR HU IE IS IT LI LT LU LV NL NO PL PT RO SE SI SK,https://www.kucoin.eu,,
KUTXABANK S.A.,KUTXABANK,549300U4LIZV0REEQQ46,ES,Comision Nacional del Mercado de Valores (CNMV),27/03/2026,agj,custody; reception & transmission; transfer,3,1,ES,https://portal.kutxabank.es/cs/ Satellite/kb/es/particulares,MiFID II investment firm,LEI
Kvarn Capital Oy,Kvarn X,9845009F15A5B9FD7F45,FI,Finanssivalvonta (FIN-FSA),02/12/2025,aegj,custody; execution; reception & transmission; transfer,4,30,AT BE BG CY CZ DE DK EE ES FI FR GR HR HU IE IS IT LI LT LU LV MT NL NO PL PT RO SE SI SK,https://www.kvarnx.com/,,
Lang & Schwarz TradeCenter AG & Co. KG,Lang & Schwarz TradeCenter AG & Co. KG,5299000TZ4OSOOGU1120,DE,Federal Financial Supervisory Authority (BaFin),22/10/2025,cd,exchange for funds; exchange for crypto,2,1,DE,https://www.ls-tc.de/de/,MiFID II investment firm,LEI
Legend Financial Ireland Limited,Legend Trading,9845007FA1A8E1DE3989,IE,Central Bank of Ireland (CBI),10/10/2025,cd,exchange for funds; exchange for crypto,2,30,AT BE BG CY CZ DE DK EE ES FI FR GR HR HU IE IS IT LI LT LU LV MT NL NO PL PT RO SE SI SK,www.legendtrading.com,,
Legion Malta Limited,Legion,254900OPT54E6SDS6P25,MT,Malta Financial Services Authority (MFSA),23/06/2026,afgj,custody; placing; reception & transmission; transfer,4,1,MT,https://legion.cc/,,
LEONOD SARL,LEONOD,969500O878F3MGJCYV50,FR,Autorité des Marchés Financiers (AMF),22/06/2026,c,exchange for funds,1,28,AT BE BG CY CZ DE DK EE ES FI GR HR IE IS IT LI LT LU LV MT NL NO PL PT RO SE SI SK,https://app.bullbitcoin.com/,,
LGT Bank AG,LGT Bank AG,7KDSOB6Z0X4S67TMX170,LI,Finanzmarktaufsicht (FMA),19/12/2025,aegj,custody; execution; reception & transmission; transfer,4,14,AT BE DE DK ES FI FR IE IT LI LU NL NO SE,https://www.lgt.com/li-en,MiFID II investment firm,LEI
Lightspark Payments Europe AS,Lightspark Payments Europe AS,6488O0OC79779MZX1E44,EE,Estonian Financial Supervision Authority (EFSA),15/06/2026,acdj,custody; exchange for funds; exchange for crypto; transfer,4,30,AT BE BG CY CZ DE DK EE ES FI FR GR HR HU IE IS IT LI LT LU LV MT NL NO PL PT RO SE SI SK,https://eu.lightspark.com/,,
Lightyear Europe AS,Lightyear Europe AS,254900BBBJZF2IE8EN54,EE,Estonian Financial Supervision Authority (EFSA),17/11/2025,aeg,custody; execution; reception & transmission,3,30,AT BE BG CY CZ DE DK EE ES FI FR GR HR HU IE IS IT LI LT LU LV MT NL NO PL PT RO SE SI SK,https://lightyear.com/,MiFID II investment firm,LEI
Lunar Block A/S,Lunar Block,984500DD714F66B77454,DK,Finanstilsynet,15/09/2025,ae,custody; execution,2,3,DK NO SE,https://www.lunar.app/dk/privat/krypto,,
Madison Six j. s. a.,Madison Six|crypto4me,097900CAKA0000249459,SK,National Bank of Slovakia (NBS),18/12/2025,acdegj,custody; exchange for funds; exchange for crypto; execution; reception & transmission; transfer,6,30,AT BE BG CY CZ DE DK EE ES FI FR GR HR HU IE IS IT LI LT LU LV MT NL NO PL PT RO SE SI SK,https://madisonsix.com/|https://crypto4me.eu,,
MEREAU FINANCE SAS,CRYPTO-AM,969500USEY22T9ZZRQ98,FR,Autorité des Marchés Financiers (AMF),30/06/2026,hi,advice; portfolio management,2,6,BE DE ES IT LU NL,https://crypto-assets-management.com/,,
MERIA SAS,MERIA,969500UJSWU20FEXQ504,FR,Autorité des Marchés Financiers (AMF),22/06/2026,acehij,custody; exchange for funds; execution; advice; portfolio management; transfer,6,8,BE DE ES IT LU NL NO PT,https://www.meria.com/,,
METAL GEAR SAS,MEATAL GEAR,969500PQYLQG3CSJ5041,FR,Autorité des Marchés Financiers (AMF),04/07/2025,acej,custody; exchange for funds; execution; transfer,4,26,AT BE BG CY CZ DE DK EE ES FI GR HR HU IE IT LT LU LV MT NL PL PT RO SE SI SK,https://metalgear.xyz/,,
MINOS GLOBAL S.L.,MINOS GLOBAL,959800U0R44NN5DJC930,ES,Comision Nacional del Mercado de Valores (CNMV),30/06/2026,acdefgj,custody; exchange for funds; exchange for crypto; execution; placing; reception & transmission; transfer,7,1,ES,https://minos.global,,
MipSoftware s.r.o.,,9845006074DB79BFA392,CZ,Czech National Bank (CNB),27/02/2026,aej,custody; execution; transfer,3,1,CZ,https://coinero.cz,,
MLP Banking AG,MLP Banking AG,529900YOBXEE8ZYM4V56,DE,Federal Financial Supervisory Authority (BaFin),11/03/2026,e,execution,1,1,DE,www.mlp.de,MiFID II investment firm,LEI
Monflo B.V.,Monflo,724500BUG93MDFGYQG03,NL,Netherlands Authority for the Financial Markets (AFM),04/12/2025,aej,custody; execution; transfer,3,4,BE DE LU NL,https://www.monflo.com,,
MoonPay Europe B.V.,MoonPay Europe B.V.,254900KXWAZ3B1340G26,NL,Netherlands Authority for the Financial Markets (AFM),30/12/2024,cdj,exchange for funds; exchange for crypto; transfer,3,30,AT BE BG CY CZ DE DK EE EL ES FI FR HR HU IE IS IT LI LT LU LV MT NL NO PL PT RO SE SI SK,https://www.moonpay.com/,,
MP Developers s.r.o.,,64889KAWPMO81X649843,CZ,Czech National Bank (CNB),11/02/2026,abcdej,custody; trading platform; exchange for funds; exchange for crypto; execution; transfer,6,26,AT BE BG CY DE DK EE ES FI FR GR HR HU IE IT LT LU LV MT NL PL PT RO SE SI SK,www.anycoin.cz;  www.dase.com,,
Myntkaup ehf.,Myntkaup,636700BAJ82J2GWSP231,IS,Central Bank of Iceland,25/06/2026,acdj,custody; exchange for funds; exchange for crypto; transfer,4,1,IS,https://myntkaup.is/,,
N26 Bank SE,N26 Bank SE,529900JB9XYZ8E87N345,DE,Federal Financial Supervisory Authority (BaFin),14/05/2025,g,reception & transmission,1,7,AT BE DE ES FR IE PT,"N26 – Die erste Onlinebank, die du lieben wirst",MiFID II investment firm,LEI
NAGA X,,984500DCB2AF415E5Y71,CY,Cyprus Securities and Exchange Commission (CySEC),08/06/2026,acdeghij,custody; exchange for funds; exchange for crypto; execution; reception & transmission; advice; portfolio management; transfer,8,1,CY,www.nagax.com/eu/,,
Neverless SIA,Neverless,9845008O5EQ5A4B63R72,LV,Latvijas Banka,20/05/2026,acdij,custody; exchange for funds; exchange for crypto; portfolio management; transfer,5,30,AT BE BG CY CZ DE DK EE EL ES FI FR HR HU IE IS IT LI LT LU LV MT NL NO PL PT RO SE SI SK,https://neverless.com/,,
"Newrails, UAB",Newrails,875500ONK4E5XGIP7O24,LT,Bank of Lithuania (LSC),14/11/2025,aj,custody; transfer,2,29,AT BE BG CY CZ DE DK EE ES FI FR GR HR HU IE IS IT LI LU LV MT NL NO PL PT RO SE SI SK,https://www.newrails.xyz,,
Nexdesk SIA,Nexdesk,894500ISUYBQF9I7BE66,LV,Latvijas Banka,10/12/2025,aej,custody; execution; transfer,3,30,AT BE BG CY CZ DE DK EE EL ES FI FR HR HU IE IS IT LI LT LU LV MT NL NO PL PT RO SE SI SK,https://nexdesk.io/,,
"Nodu Digital, SIA",Nodu Digital,98450065E59FDCD93R40,LV,Latvijas Banka,08/07/2026,cj,exchange for funds; transfer,2,30,AT BE BG CY CZ DE DK EE EL ES FI FR HR HU IE IS IT LI LT LU LV MT NL NO PL PT RO SE SI SK,https://nodu.fi,,
Noemon Finance Ltd,,25490004TC93R20KW073,CY,Cyprus Securities and Exchange Commission (CySEC),02/03/2026,acdeghi,custody; exchange for funds; exchange for crypto; execution; reception & transmission; advice; portfolio management,7,30,AT BE BG CY CZ DE DK EE EL ES FI FR HR HU IE IS IT LI LT LU LV MT NL NO PL PT RO SE SI SK,www.noemon.finance,MiFID II investment firm,normalised name
NOEMON TECH LTD,,254900JFRZG8P67ZHI74,CY,Cyprus Securities and Exchange Commission (CySEC),29/06/2026,acdefghij,custody; exchange for funds; exchange for crypto; execution; placing; reception & transmission; advice; portfolio management; transfer,9,31,AT BE BG CY CZ DE DK EE EL ES FI FR GR HR HU IE IS IT LI LT LU LV MT NL NO PL PT RO SE SI SK,www.noemon.tech,,
NorthCrypto Oy,NorthCrypto,743700CHRVVP342JOA67,FI,Finanssivalvonta (FIN-FSA),25/11/2025,aegj,custody; execution; reception & transmission; transfer,4,3,FI NO SE,https://www.northcrypto.com/,,
Northstake ApS,Northstake,98450010C0CB6A4E8A79,DK,Finanstilsynet,07/04/2026,aej,custody; execution; transfer,3,30,AT BE BG CY CZ DE DK EE ES FI FR GR HR HU IE IS IT LI LT LU LV MT NL NO PL PT RO SE SI SK,www.northstake.dk,,
NORWEGIAN BLOCK EXCHANGE AS,NBX,5493004WNVZP9EMYI834,NO,Norwegian Financial Supervisory Authority (Finanstilsynet),29/06/2026,abcdegj,custody; trading platform; exchange for funds; exchange for crypto; execution; reception & transmission; transfer,7,30,AT BE BG CY CZ DE DK EE ES FI FR GR HR HU IE IS IT LI LT LU LV MT NL NO PL PT RO SE SI SK,https://nbx.com,,
Nuvei Liquidity UAB,Simplex,894500IY99QLL9M0SR28,LT,Bank of Lithuania (LSC),16/12/2025,acdj,custody; exchange for funds; exchange for crypto; transfer,4,29,AT BE BG CY CZ DE DK EE ES FI FR GR HR HU IE IS IT LI LU LV MT NL NO PL PT RO SE SI SK,https://simplex.com,,
Okazio s.r.o.,Okazio,097900CAKA0000233454,SK,National Bank of Slovakia (NBS),15/01/2026,aehij,custody; execution; advice; portfolio management; transfer,5,30,AT BE BG CY CZ DE DK EE ES FI FR GR HR HU IE IS IT LI LT LU LV MT NL NO PL PT RO SE SI SK,https://okazio.sk/,,
OKX Europe Limited,OKX,54930069NLWEIGLHXU42,MT,Malta Financial Services Authority (MFSA),27/01/2025,abcdefgij,custody; trading platform; exchange for funds; exchange for crypto; execution; placing; reception & transmission; portfolio management; transfer,9,29,AT BE BG CY CZ DE DK EE EL ES FI FR HR HU IE IS IT LI LT LU LV NL NO PL PT RO SE SI SK,www.okx.com,,
OLLIV ITALIA S.R.L.,CoinFlip,81560042B094A85D8F89,IT,Commissione Nazionale per le Societa e la Borsa (CONSOB),04/06/2026,c,exchange for funds,1,1,IT,https://coinflip.tech/it-IT,,
Olmipay Limited,Olmipay,984500F9M4XF7C5E5E25,MT,Malta Financial Services Authority (MFSA),29/05/2026,aefgj,custody; execution; placing; reception & transmission; transfer,5,1,MT,Olmipay.com  (upcoming),,
One Trading Exchange B.V.,One Trading Exchange B.V.,984500AA963ED2BA8460,NL,Netherlands Authority for the Financial Markets (AFM),15/05/2025,ab,custody; trading platform,2,30,AT BE BG CY CZ DE DK EE EL ES FI FR HR HU IE IS IT LI LT LU LV MT NL NO PL PT RO SE SI SK,https://www.onetrading.com,MiFID II investment firm,LEI
OP Digital Services Limited,OP Digital,213800ZWEHNKOCS3AC78,MT,Malta Financial Services Authority (MFSA),23/06/2026,acdej,custody; exchange for funds; exchange for crypto; execution; transfer,5,30,AT BE BG CY CZ DE DK EE EL ES FI FR HR HU IE IS IT LI LT LU LV MT NL NO PL PT RO SE SI SK,https://www.openpayd.com/,,
OPEN BANK S.A.,OPENBANK,5493000LM0MZ4JPMGM90,ES,Comision Nacional del Mercado de Valores (CNMV),24/07/2025,ae,custody; execution,2,2,DE ES,www.openbank.es,MiFID II investment firm,LEI
Orcabay finančne storitve d.o.o.,Orcabay,485100OLL2HA92JDWC71,SI,Securities Market Agency (ATVP),27/11/2025,eh,execution; advice,2,0,,https://orcabay.io/,,
OSL EU GmbH,OSL EU,8945001TKX2A5OJMNR45,AT,Austrian Financial Market Authority (FMA),07/07/2026,acdj,custody; exchange for funds; exchange for crypto; transfer,4,30,AT BE BG CY CZ DE DK EE ES FI FR GR HR HU IE IS IT LI LT LU LV MT NL NO PL PT RO SE SI SK,https://www.osl.com/eu,,
"Partners Banka, a.s.",,315700J0QGFRKN11MF15,CZ,Czech National Bank (CNB),29/07/2026,g,reception & transmission,1,1,CZ,https://www.partnersbanka.cz/,,
Payhound Limited,Payhound,9845001DD90AF543DC90,MT,Malta Financial Services Authority (MFSA),24/11/2025,acdej,custody; exchange for funds; exchange for crypto; execution; transfer,5,29,AT BE BG CY CZ DE DK EE EL ES FI FR HR HU IE IS IT LI LT LU LV NL NO PL PT RO SE SI SK,www.payhound.com,,
PAYMIUM SAS,PAYMIUM,969500D241WXU9J7MI33,FR,Autorité des Marchés Financiers (AMF),22/06/2026,abcdej,custody; trading platform; exchange for funds; exchange for crypto; execution; transfer,6,29,AT BE BG CY CZ DE DK EE ES FI GR HR HU IE IS IT LI LT LU LV MT NL NO PL PT RO SE SI SK,https://www.paymium.com/,,
Paymonade AG,Paymonade,529900AAZRC5LYVR7134,LI,Finanzmarktaufsicht (FMA),10/07/2026,cj,exchange for funds; transfer,2,30,AT BE BG CY CZ DE DK EE ES FI FR GR HR HU IE IS IT LI LT LU LV MT NL NO PL PT RO SE SI SK,www.paymonade.tech,,
Paysafe Payment Solutions Limited.,"Skrill, NETELLER",213800QBQVHWRBHJTA89,IE,Central Bank of Ireland (CBI),03/12/2025,acdj,custody; exchange for funds; exchange for crypto; transfer,4,30,AT BE BG CY CZ DE DK EE ES FI FR GR HR HU IE IS IT LI LT LU LV MT NL NO PL PT RO SE SI SK,"www.skrill.com
www.neteller.com",,
PAYTOP SAS,PAYTOP,969500VA4A8CRCS2N988,FR,Autorité des Marchés Financiers (AMF),21/05/2026,acj,custody; exchange for funds; transfer,3,29,AT BE BG CY CZ DE DK EE ES FI GR HR HU IE IS IT LI LT LU LV MT NL NO PL PT RO SE SI SK,https://www.paytop.com/,,
Payward Europe Solutions Limited,Kraken,254900641D8KNHUZYX24,IE,Central Bank of Ireland (CBI),25/06/2025,acdefgij,custody; exchange for funds; exchange for crypto; execution; placing; reception & transmission; portfolio management; transfer,8,30,AT BE BG CY CZ DE DK EE ES FI FR GR HR HU IE IS IT LI LT LU LV MT NL NO PL PT RO SE SI SK,https://www.kraken.com/,,
Payward Global Solutions Limited,Kraken,9845003D98SCC2851458,IE,Central Bank of Ireland (CBI),25/06/2025,b,trading platform,1,2,CY IE,https://www.kraken.com/,,
PELICAN EXCHANGE EUROPE (CY) LTD,,984500EBL33F46CBF732,CY,Cyprus Securities and Exchange Commission (CySEC),22/12/2025,ehi,execution; advice; portfolio management,3,31,AT BE BG CY CZ DE DK EE EL ES FI FR GR HR HU IE IS IT LI LT LU LV MT NL NO PL PT RO SE SI SK,www.pelicaneu.com,MiFID II investment firm,LEI
Penning Financial Services ApS,Penning,9845000E4A7414709361,DK,Finanstilsynet,15/01/2026,acdegij,custody; exchange for funds; exchange for crypto; execution; reception & transmission; portfolio management; transfer,7,30,AT BE BG CY CZ DE DK EE ES FI FR GR HR HU IE IS IT LI LT LU LV MT NL NO PL PT RO SE SI SK,www.penning.io,,
Pionew Ireland Limited,Webot,984500FD0NZ8949F4363,IE,Central Bank of Ireland (CBI),18/12/2025,abcj,custody; trading platform; exchange for funds; transfer,4,4,DE FR IE LT,www.webot.com/eu,,
Pluso a.s.,,315700GXG7KIZFLV9R66,CZ,Czech National Bank (CNB),27/02/2026,acdj,custody; exchange for funds; exchange for crypto; transfer,4,1,SK,https://www.pluso.cz/,,
Plutos Vermögensverwaltung AG,Plutos Vermögensverwaltung AG,391200PNJ2SKONA02N07,DE,Federal Financial Supervisory Authority (BaFin),25/02/2026,i,portfolio management,1,1,DE,www.plutos.de,MiFID II investment firm,LEI
PM MTF LTD,PM MTF LTD,2138005EFA978Y43G944,CY,Cyprus Securities and Exchange Commission (CySEC),20/07/2026,abegj,custody; trading platform; execution; reception & transmission; transfer,5,29,AT BE BG CZ DE DK EE ES FI FR GR HR HU IE IS IT LI LT LU LV MT NL NO PL PT RO SE SI SK,"https://mtf.perpetuals.com/, http://eu.barriers.com/",MiFID II investment firm,LEI
PROSEGUR CUSTODIA DE ACTIVOS DIGITALES S.L.U.,PROSEGUR CRYPTO,59800G0P3PV13KLX615,ES,Comision Nacional del Mercado de Valores (CNMV),30/06/2026,agj,custody; reception & transmission; transfer,3,1,ES,www.prosegurcrypto.com,,
Push Virtual Assets Ireland Limited,Push  / Aave Push,635400NEDOJDEJEQZQ77,IE,Central Bank of Ireland (CBI),12/11/2025,cd,exchange for funds; exchange for crypto,2,29,AT BE CY CZ DE DK EE ES FI FR GR HR HU IE IS IT LI LT LU LV MT NL NO PL PT RO SE SI SK,push.co,,
QWARKS SAS,QWARKS,969500CMLNBIVUUD9A09,FR,Autorité des Marchés Financiers (AMF),21/05/2026,acdeij,custody; exchange for funds; exchange for crypto; execution; portfolio management; transfer,6,1,FR,https://www.qwarks.fr/,,
Raiffeisebank Auerbach-Freihung eG,Raiffeisebank Auerbach-Freihung eG,529900R1A7TN1LM06875,DE,Federal Financial Supervisory Authority (BaFin),19/06/2026,e,execution,1,1,DE,www.rb-af.de,MiFID II investment firm,LEI
Raiffeisenbank Aidlingen eG,Raiffeisenbank Aidlingen eG,529900JEKLBM7SSTQS98,DE,Federal Financial Supervisory Authority (BaFin),07/08/2026,e,execution,1,1,DE,www.IhrZiel.de,MiFID II investment firm,LEI
Raiffeisenbank Falkenstein-Wörth,Raiffeisenbank Falkenstein-Wörth,391200236O6D9SGBE882,DE,Federal Financial Supervisory Authority (BaFin),13/07/2026,e,execution,1,1,DE,www.rbfalkenstein-woerth.de,MiFID II investment firm,normalised name
Raiffeisenbank Goldener Steig-Dreisessel eG,Raiffeisenbank Goldener Steig-Dreisessel eG,529900N21YBLSSD9YT89,DE,Federal Financial Supervisory Authority (BaFin),15/09/2026,e,execution,1,1,DE,https://www.rb-gsd.de,MiFID II investment firm,LEI
Raiffeisenbank Isar-Loisachtal eG,Raiffeisenbank Isar-Loisachtal eG,5299008VGCLH8JYR3K70,DE,Federal Financial Supervisory Authority (BaFin),27/08/2026,e,execution,1,1,DE,www.rileg.de,MiFID II investment firm,LEI
Raiffeisenbank Kreis Kelheim eG,Raiffeisenbank Kreis Kelheim eG,529900UYTAE51VW2TG15,DE,Federal Financial Supervisory Authority (BaFin),13/05/2026,e,execution,1,1,DE,www.rbkk.de,MiFID II investment firm,LEI
Raiffeisenbank Schwaben Mitte eG,Raiffeisenbank Schwaben Mitte eG,529900K4NCP94LQNCG60,DE,Federal Financial Supervisory Authority (BaFin),13/08/2026,e,execution,1,1,DE,www.rb-schwaben.de,MiFID II investment firm,LEI
Ramp Swaps (Ireland) Limited,Ramp Network,89450036UW3ID72T1M84.,IE,Central Bank of Ireland (CBI),02/12/2025,c,exchange for funds,1,30,AT BE BG CY CZ DE DK EE ES FI FR GR HR HU IE IS IT LI LT LU LV MT NL NO PL PT RO SE SI SK,rampnetwork.com,,
RCUBE ASSET MANAGEMENT,RCUBE ASSET MANAGEMENT,529900X4PRL0DZNPT990,FR,Autorité des Marchés Financiers (AMF),18/06/2026,hi,advice; portfolio management,2,6,BE DE ES IT LU NL,https://rcube.com/,AIFM / UCITS management company,LEI
RELAI EU SASU,RELAI,9695003EKRFOMYXJQL11,FR,Autorité des Marchés Financiers (AMF),23/10/2025,c,exchange for funds,1,26,AT BE BG CY CZ DE DK EE EL ES FI HR HU IE IT LT LU LV MT NL PL PT RO SE SI SK,https://relai.app/,,
RENTA 4 BANCO S.A.,RENTA 4,213800IMKAUV5KW28586,ES,Comision Nacional del Mercado de Valores (CNMV),21/11/2025,agj,custody; reception & transmission; transfer,3,1,ES,www.r4.com,MiFID II investment firm,LEI
Revolut Digital Assets (Europe) Ltd,Revolut,549300ET4IUR6RCZOL84,CY,Cyprus Securities and Exchange Commission (CySEC),20/10/2025,abcdfj,custody; trading platform; exchange for funds; exchange for crypto; placing; transfer,6,29,AT BE BG CY CZ DE DK EE EL ES FI FR HR IE IS IT LI LT LU LV MT NL NO PL PT RO SE SI SK,https://www.revolut.com/en-CY/crypto/,,
Ripple Payments Europe S.A.,Ripple Payments Europe S.A.,2549000KEHDV2LWRRZ45,LU,Commission de Surveillance du Secteur Financier (CSSF),29/06/2026,cdj,exchange for funds; exchange for crypto; transfer,3,29,AT BE BG CY CZ DE DK EE ES FI FR GR HR HU IE IS IT LI LT LV MT NL NO PL PT RO SE SI SK,https://ripple.com/,,
RIV-DIGITAL S.R.L.,RIV-Digital,815600DCB0E8882D2314,IT,Commissione Nazionale per le Societa e la Borsa (CONSOB),10/06/2026,cdf,exchange for funds; exchange for crypto; placing,3,1,IT,https://riv-digital.it,,
Robinhood Europe UAB,Robinhood,254900GTP4UXQO1UMI36,LT,Bank of Lithuania (LSC),29/05/2025,aegj,custody; execution; reception & transmission; transfer,4,29,AT BE BG CY CZ DE DK EE ES FI FR GR HR HU IE IS IT LI LU LV MT NL NO PL PT RO SE SI SK,https://www.robinhood.com,MiFID II investment firm,LEI
Ronin EM Ltd,,213800V83W83UL8WR118,CY,Cyprus Securities and Exchange Commission (CySEC),22/06/2026,acdegj,custody; exchange for funds; exchange for crypto; execution; reception & transmission; transfer,6,31,AT BE BG CY CZ DE DK EE EL ES FI FR GR HR HU IE IS IT LI LT LU LV MT NL NO PL PT RO SE SI SK,https://em.ron.in/,,
RUFIJI CAPITAL SAS,RUFIJI,969500FUWSKQEO5J7H72,FR,Autorité des Marchés Financiers (AMF),12/06/2026,aehij,custody; execution; advice; portfolio management; transfer,5,9,AT BE DE ES IE IT LU NL PT,https://www.rufiji.capital/,,
RULEMATCH Europe AG,RULEMATCH,529900PEBGKH34UTD845,LI,Finanzmarktaufsicht (FMA),01/06/2026,abj,custody; trading platform; transfer,3,10,AT CZ DE FR IT LI LU MT NL SI,https://www.rulematch.com/europe,,
S.K. DASK KRYPTO LTD,DASK KRYPTO,254900K8AF5VMJFMZN69,CY,Cyprus Securities and Exchange Commission (CySEC),08/06/2026,acdegj,custody; exchange for funds; exchange for crypto; execution; reception & transmission; transfer,6,31,AT BE BG CY CZ DE DK EE EL ES FI FR GR HR HU IE IS IT LI LT LU LV MT NL NO PL PT RO SE SI SK,www.daskkrypto.eu,,
Safello AB,Safello AB,894500QKMN1PCG2V7U40,SE,Finansinspektionen,13/10/2025,acdegj,custody; exchange for funds; exchange for crypto; execution; reception & transmission; transfer,6,0,,www.safello.com,,
SafeLynx Technologies ApS,SafeLynx,9845003F777K7DFF4E96,DK,Finanstilsynet,30/06/2026,c,exchange for funds,1,30,AT BE BG CY CZ DE DK EE ES FI FR GR HR HU IE IS IT LI LT LU LV MT NL NO PL PT RO SE SI SK,https://www.safelynx.io/,,
Scalable Capital Bank GmbH,Scalable Capital Bank GmbH,391200Y3EUNL4LTXRP94,DE,Federal Financial Supervisory Authority (BaFin),02/03/2026,h,advice,1,1,DE,www.scalable.capital,MiFID II investment firm,LEI
SG Digital Assets Limited,"Solidgate , SG Digital Assets",254900YI6BJ1QQQZIY62,CY,Cyprus Securities and Exchange Commission (CySEC),13/07/2026,acdegj,custody; exchange for funds; exchange for crypto; execution; reception & transmission; transfer,6,31,AT BE BG CY CZ DE DK EE EL ES FI FR GR HR HU IE IS IT LI LT LU LV MT NL NO PL PT RO SE SI SK,https://solidgate.com/casp/,,
SHARES FINANCIAL ASSETS SAS,SHARES,9695001LQMTTVPIIQI05,FR,Autorité des Marchés Financiers (AMF),28/07/2026,agj,custody; reception & transmission; transfer,3,14,BE DE DK ES IE IT LT LU LV NL PL PT SE SI,https://www.shares.io/,MiFID II investment firm,LEI
"SIA ""Paybis Europe""",Paybis,259400LUESNGU5XM2J49,LV,Latvijas Banka,12/05/2026,acdehj,custody; exchange for funds; exchange for crypto; execution; advice; transfer,6,30,AT BE BG CY CZ DE DK EE EL ES FI FR HR HU IE IS IT LI LT LU LV MT NL NO PL PT RO SE SI SK,https://paybis.com/,,
SIA AlphaRoute,AlphaRoute,259400JCJJ78A4ZCXP93,LV,Latvijas Banka,18/06/2026,abcdfj,custody; trading platform; exchange for funds; exchange for crypto; placing; transfer,6,11,BG CZ EE HR HU LT LV PL RO SI SK,https://www.kangaexchange.eu/,,
Simple Coin s.r.o.,,3157008PWKP5LP7AR251,CZ,Czech National Bank (CNB),23/06/2026,acdj,custody; exchange for funds; exchange for crypto; transfer,4,1,CZ,https://www.simplecoin.eu,,
sino Aktiengesellschaft,sino Aktiengesellschaft,5299008GFCQY16M45R85,DE,Federal Financial Supervisory Authority (BaFin),24/11/2025,g,reception & transmission,1,1,DE,https://www.sino.de/,MiFID II investment firm,LEI
SMART VALOR AG,SMART VALOR,254900S56908SP1E8O53,LI,Finanzmarktaufsicht (FMA),01/07/2026,abcdj,custody; trading platform; exchange for funds; exchange for crypto; transfer,5,30,AT BE BG CY CZ DE DK EE ES FI FR GR HR HU IE IS IT LI LT LU LV MT NL NO PL PT RO SE SI SK,https://smartvalor.com/en/,,
Smartbroker AG,Smartbroker AG,391200N0BYCZF2F43264,DE,Federal Financial Supervisory Authority (BaFin),11/08/2025,g,reception & transmission,1,1,DE,https://www.smartbrokerplus.de/de-de/,MiFID II investment firm,LEI
SOCIETE GENERALE - FORGE,SOCIETE GENERALE - FORGE,969500FX8K40ZDW4F377,FR,Autorité des Marchés Financiers (AMF),23/10/2025,aj,custody; transfer,2,29,AT BE BG CY CZ DE DK EE EL ES FI HR HU IE IS IT LI LT LU LV MT NL NO PL PT RO SE SI SK,https://www.sgforge.com/,MiFID II investment firm,LEI
Socios Europe Services Limited,Socios.com,984500EBA2E9980CDD80,MT,Malta Financial Services Authority (MFSA),10/09/2025,acdfj,custody; exchange for funds; exchange for crypto; placing; transfer,5,28,AT BE BG CY CZ DE DK EE EL ES FI HR HU IE IS IT LI LT LU LV NL NO PL PT RO SE SI SK,www.socios.com,,
Spar- und Kreditbank Rheinstetten eG,Spar- und Kreditbank Rheinstetten eG,529900793U3P5C6YYC70,DE,Federal Financial Supervisory Authority (BaFin),27/07/2026,e,execution,1,1,DE,www.skb-rheinstetten.de,MiFID II investment firm,LEI
Stable Mint Ltd.,Stable Mint Ltd.,984500A64C0EA64BC554,MT,Malta Financial Services Authority (MFSA),29/05/2026,aj,custody; transfer,2,29,AT BE BG CY CZ DE DK EE EL ES FI FR HR HU IE IS IT LI LT LU LV NL NO PL PT RO SE SI SK,https://stablemint.io/,,
Standard Chartered Luxembourg S.A.,Standard Chartered,213800HAR45C9K18O294,LU,Commission de Surveillance du Secteur Financier (CSSF),25/06/2026,aj,custody; transfer,2,30,AT BE BG CY CZ DE DK EE ES FI FR GR HR HU IE IS IT LI LT LU LV MT NL NO PL PT RO SE SI SK,https://www.sc.com/,,
STOKR S.A.,STOKR,984500BA521C5EMR1D63,LU,Commission de Surveillance du Secteur Financier (CSSF),22/06/2026,aj,custody; transfer,2,29,AT BE BG CY CZ DE DK EE EL ES FI FR HR HU IE IS IT LI LT LV MT NL NO PL PT RO SE SI SK,https://stokr.io/,,
StoneX Digital International Limited,StoneX,98450043FB90T6REA408,IE,Central Bank of Ireland (CBI),19/12/2025,acdegj,custody; exchange for funds; exchange for crypto; execution; reception & transmission; transfer,6,30,AT BE BG CY CZ DE DK EE ES FI FR GR HR HU IE IS IT LI LT LU LV MT NL NO PL PT RO SE SI SK,www.stonex.com,,
Stratos Europe Ltd,Tradu,549300LZMQXXYV4JJ603,CY,Cyprus Securities and Exchange Commission (CySEC),14/10/2025,acd,custody; exchange for funds; exchange for crypto,3,30,AT BE BG CY CZ DE DK EE EL ES FI FR HR HU IE IS IT LI LT LU LV MT NL NO PL PT RO SE SI SK,https://www.tradu.com/eu/,MiFID II investment firm,LEI
Sutor Bank GmbH,Sutor Bank GmbH,529900BQBP4JMDPM6Q19,DE,Federal Financial Supervisory Authority (BaFin),18/12/2025,e,execution,1,1,DE,https://www.sutorbank.de/,MiFID II investment firm,LEI
Swissquote Bank Europe SA,Swissquote,549300M2IHOB9P5WE714,LU,Commission de Surveillance du Secteur Financier (CSSF),24/04/2026,aej,custody; execution; transfer,3,29,AT BE BG CY CZ DE DK EE ES FI FR GR HR HU IE IS IT LI LT LV MT NL NO PL PT RO SE SI SK,https://www.swissquote.com/en-lu/private,MiFID II investment firm,LEI
Sygnum Europe AG,Sygnum Europe,506700NPCDRP5LN89R92,LI,Finanzmarktaufsicht (FMA),26/06/2026,acdj,custody; exchange for funds; exchange for crypto; transfer,4,30,AT BE BG CY CZ DE DK EE ES FI FR GR HR HU IE IS IT LI LT LU LV MT NL NO PL PT RO SE SI SK,https://www.sygnum.com/eu,,
System Pay Services (Malta) Limited,BVNK,984500640Z8ADE893D04,MT,Malta Financial Services Authority (MFSA),13/02/2026,acdej,custody; exchange for funds; exchange for crypto; execution; transfer,5,29,AT BE BG CY CZ DE DK EE EL ES FI FR HR HU IE IS IT LI LT LU LV NL NO PL PT RO SE SI SK,https://bvnk.com/,,
Tangany GmbH,Tangany GmbH,529900WKXS5ZPJY9W498,DE,Federal Financial Supervisory Authority (BaFin),08/08/2025,aj,custody; transfer,2,30,AT BE BG CY CZ DE DK EE ES FI FR GR HR HU IE IS IT LI LT LU LV MT NL NO PL PT RO SE SI SK,www.tangany.com,,
TEROXX DIGITAL ASSET LTD,TEROXX DIGITAL ASSET LTD,636700PBO692C1R9V561,CY,Cyprus Securities and Exchange Commission (CySEC),13/10/2025,acdefhij,custody; exchange for funds; exchange for crypto; execution; placing; advice; portfolio management; transfer,8,31,AT BE BG CY CZ DE DK EE EL ES FI FR GR HR HU IE IS IT LI LT LU LV MT NL NO PL PT RO SE SI SK,www.teroxx.com,,
Tesseract Investment Oy,Tesseract,743700GULNWPBLJ7A022,FI,Finanssivalvonta (FIN-FSA),12/09/2025,aghij,custody; reception & transmission; advice; portfolio management; transfer,5,30,AT BE BG CY CZ DE DK EE ES FI FR GR HR HU IE IS IT LI LT LU LV MT NL NO PL PT RO SE SI SK,https://tesseract.fi,,
Trade Republic Bank GmbH,Trade Republic Bank GmbH,5299009IFX1XTKDY4568,DE,Federal Financial Supervisory Authority (BaFin),28/04/2025,aegj,custody; execution; reception & transmission; transfer,4,30,AT BE BG CY CZ DE DK EE ES FI FR GR HR HU IE IS IT LI LT LU LV MT NL NO PL PT RO SE SI SK,https://traderepublic.com/,MiFID II investment firm,LEI
Traders Place GmbH & Co. KGaA,Traders Place GmbH & Co. KGaA,5299005Y5T6LXFAXDQ78,DE,Federal Financial Supervisory Authority (BaFin),21/07/2025,g,reception & transmission,1,1,DE,https://tradersplace.de/angebot/uebersicht/kryptowaehrungen,MiFID II investment firm,LEI
Tradevest Digital Assets GmbH,Tradevest,529900SUZQE32VSCS310,DE,Federal Financial Supervisory Authority (BaFin),19/12/2025,aj,custody; transfer,2,1,DE,www.tradevest.ai,,
Tradevest Markets AG,Tradevest Markets AG,391200KFWD74ZYNEEA30,DE,Federal Financial Supervisory Authority (BaFin),19/12/2025,cdeghi,exchange for funds; exchange for crypto; execution; reception & transmission; advice; portfolio management,6,1,DE,https://www.tradevest.ai/de,MiFID II investment firm,LEI
Tradias GmbH,Tradias GmbH,529900FYBTAGIOS54M10,DE,Federal Financial Supervisory Authority (BaFin),19/03/2025,cdefj,exchange for funds; exchange for crypto; execution; placing; transfer,5,29,AT BE BG CY CZ DE DK EE ES FI FR GR HR HU IE IT LI LT LU LV MT NL NO PL PT RO SE SI SK,www.tradias.de,MiFID II investment firm,LEI
Trading 212 Markets Ltd,Trading 212,21380045KC28948FNE32,CY,Cyprus Securities and Exchange Commission (CySEC),22/09/2025,aceg,custody; exchange for funds; execution; reception & transmission,4,30,AT BE BG CY CZ DE DK EE EL ES FI FR HR HU IE IS IT LI LT LU LV MT NL NO PL PT RO SE SI SK,www.trading212.com,MiFID II investment firm,LEI
Trading.com Markets EU Ltd,Trading.com,213800QT8WZK738XGX35,CY,Cyprus Securities and Exchange Commission (CySEC),23/03/2026,acdegi,custody; exchange for funds; exchange for crypto; execution; reception & transmission; portfolio management,6,30,AT BE BG CY CZ DE DK EE EL ES FI FR HR HU IE IS IT LI LT LU LV MT NL NO PL PT RO SE SI SK,www.trading.com/eu,MiFID II investment firm,LEI
TRIA BRIDGE LIMITED (ex Tokenomica Bridge Ltd),TRIA BRIDGE,9845007E2C96JA7B8653,CY,Cyprus Securities and Exchange Commission (CySEC),29/06/2026,acdeghij,custody; exchange for funds; exchange for crypto; execution; reception & transmission; advice; portfolio management; transfer,8,31,AT BE BG CY CZ DE DK EE EL ES FI FR GR HR HU IE IS IT LI LT LU LV MT NL NO PL PT RO SE SI SK,https://triabridge.com/,,
TÝR MARKETS AS,,984500678DAPX7H3BC86,NO,Norwegian Financial Supervisory Authority (Finanstilsynet),18/05/2026,acdj,custody; exchange for funds; exchange for crypto; transfer,4,2,NO SE,https://www.tyrmarkets.net/no,,
UAB BLUE EMI LT,BLUE EMI,254900XFMACGD0L7AI73,LT,Bank of Lithuania (LSC),13/05/2025,a,custody,1,0,,https://blueemi.com,,
UAB Decentralized,Coingate,6488907MV9XAA08E4E40,LT,Bank of Lithuania (LSC),16/12/2025,acdj,custody; exchange for funds; exchange for crypto; transfer,4,29,AT BE BG CY CZ DE DK EE ES FI FR GR HR HU IE IS IT LI LU LV MT NL NO PL PT RO SE SI SK,https://coingate.com,,
UAB Micar assets,Myriad Capital,894500R6HJP62BZX4M89,LT,Bank of Lithuania (LSC),26/02/2026,acdegj,custody; exchange for funds; exchange for crypto; execution; reception & transmission; transfer,6,0,,https://myriadcapital.lt,,
Unlimit Crypto Ltd,Unlimit Crypto Ltd (ex Stable Defi Ltd),894500FFZOA2AVGYOA88,CY,Cyprus Securities and Exchange Commission (CySEC),29/06/2026,acdefgj,custody; exchange for funds; exchange for crypto; execution; placing; reception & transmission; transfer,7,1,CY,www.crypto.unlimit.com,,
V-Bank AG,V-Bank AG,529900FB29C36LKTAW50,DE,Federal Financial Supervisory Authority (BaFin),19/09/2025,aej,custody; execution; transfer,3,1,DE,https://www.v-bank.com/,MiFID II investment firm,LEI
Validvent Technology GmbH,Validvent,9845002BEC2C588CC678,AT,Austrian Financial Market Authority (FMA),15/04/2026,h,advice,1,1,AT I DE I IE I BE I CY I CZ I  GR I IT I NL I PT I ES I LU I HU I RO,https://validvent.com,,
VBU Volksbank im Unterland eG,VBU Volksbank im Unterland eG,52990053QE1M1V4P6U87,DE,Federal Financial Supervisory Authority (BaFin),03/08/2026,e,execution,1,1,DE,www.vbu-volksbank.de,MiFID II investment firm,LEI
"Vereinigte Volksbank Raiffeisenbank eG, Reinheim","Vereinigte Volksbank Raiffeisenbank eG, Reinheim",529900TBT1Z4FKTX5T93,DE,Federal Financial Supervisory Authority (BaFin),24/09/2026,e,execution,1,1,DE,www.vvrb.de,MiFID II investment firm,LEI
Vereinigte VR Bank eG,Vereinigte VR Bank eG,529900C4BDI11BJKQ590,DE,Federal Financial Supervisory Authority (BaFin),17/09/2026,e,execution,1,1,DE,www.vereinigte-vrbk.de,MiFID II investment firm,LEI
Vermögensbutler GmbH,Vermögensbutler GmbH,529900ADW3Q5TWADIL41,DE,Federal Financial Supervisory Authority (BaFin),06/05/2026,gh,reception & transmission; advice,2,1,DE,www.vermoegensbutler.de,MiFID II investment firm,LEI
Virtu Financial Ireland Limited,Virtu Financial Ireland Limited,549300XG5LFGN1IGYC71,IE,Central Bank of Ireland (CBI),28/04/2026,cd,exchange for funds; exchange for crypto,2,30,AT BE BG CY CZ DE DK EE ES FI FR GR HR HU IE IS IT LI LT LU LV MT NL NO PL PT RO SE SI SK,https://www.virtu.com/,MiFID II investment firm,LEI
Vivid Money B.V.,Vivid Money B.V.,7245009PWS7YLG3JPF78,NL,Netherlands Authority for the Financial Markets (AFM),01/05/2025,ag,custody; reception & transmission,2,30,AT BE BG CY CZ DE DK EE EL ES FI FR HR HU IE IS IT LI LT LU LV MT NL NO PL PT RO SE SI SK,https://vivid.money/,MiFID II investment firm,LEI
Volksbank Alb eG,Volksbank Alb eG,529900OBUVM58249Q315,DE,Federal Financial Supervisory Authority (BaFin),27/08/2026,e,execution,1,1,DE,www.voba-alb.de,MiFID II investment firm,LEI
Volksbank Backnang eG,Volksbank Backnang eG,5299000CFIYPHBDCD952,DE,Federal Financial Supervisory Authority (BaFin),20/08/2026,e,execution,1,1,DE,www.volksbank-backnang.de,MiFID II investment firm,LEI
Volksbank Baumberge eG,Volksbank Baumberge eG,52990051OUSIGVLQ2082,DE,Federal Financial Supervisory Authority (BaFin),06/10/2026,e,execution,1,1,DE,www.volksbank-baumberge.de,MiFID II investment firm,LEI
Volksbank Beilstein-Ilsfeld-Abstatt eG,Volksbank Beilstein-Ilsfeld-Abstatt eG,5299002RCY3D5M211G35,DE,Federal Financial Supervisory Authority (BaFin),06/08/2026,e,execution,1,1,DE,www.vb-bia.de,MiFID II investment firm,LEI
Volksbank eG - Die Gestalterbank,Volksbank eG - Die Gestalterbank,52990093INYLJNWHQ228,DE,Federal Financial Supervisory Authority (BaFin),27/07/2026,e,execution,1,1,DE,www.gestalterbank.de,MiFID II investment firm,LEI
Volksbank Euskirchen eG,Volksbank Euskirchen eG,529900DLAJ534R7YPF91,DE,Federal Financial Supervisory Authority (BaFin),14/08/2026,e,execution,1,1,DE,www.eu-banking.de,MiFID II investment firm,LEI
Volksbank Heiden eG,Volksbank Heiden eG,391200CC11KVFA4HGG45,DE,Federal Financial Supervisory Authority (BaFin),02/06/2026,e,execution,1,1,DE,www.vbheiden.de,MiFID II investment firm,LEI
Volksbank Mittlerer Schwarzwald eG,Volksbank Mittlerer Schwarzwald eG,5299009A1SAL2URXG283,DE,Federal Financial Supervisory Authority (BaFin),05/11/2025,e,execution,1,1,DE,https://www.voba-msw.de,MiFID II investment firm,LEI
Volksbank Olpe-Wenden-Drolshagen eG,Volksbank Olpe-Wenden-Drolshagen eG,529900AOIGZIIUZHID69,DE,Federal Financial Supervisory Authority (BaFin),29/09/2026,e,execution,1,1,DE,https://www.voba-owd.de,MiFID II investment firm,LEI
Volksbank Raiffeisenbank Bayern Mitte eG,Volksbank Raiffeisenbank Bayern Mitte eG,529900ZW3QH424NY3959,DE,Federal Financial Supervisory Authority (BaFin),05/11/2025,eg,execution; reception & transmission,2,1,DE,www.vr-bayernmitte.de,MiFID II investment firm,LEI
Volksbank Raiffeisenbank Dachau eG,Volksbank Raiffeisenbank Dachau eG,391200TWGO2RBL7WG010,DE,Federal Financial Supervisory Authority (BaFin),31/08/2026,e,execution,1,1,DE,www.voba-raiba-dachau.de,MiFID II investment firm,LEI
Volksbank Raiffeisenbank Oberbayern Südost eG,Volksbank Raiffeisenbank Oberbayern Südost eG,5299005O2LPWV9IP2Z21,DE,Federal Financial Supervisory Authority (BaFin),24/07/2026,e,execution,1,1,DE,www-vrbank-obb-so.de,MiFID II investment firm,LEI
Volksbank Raiffeisenbank Würzburg eG,Volksbank Raiffeisenbank Würzburg eG,529900YT5VCRYQ5WI821,DE,Federal Financial Supervisory Authority (BaFin),17/12/2025,e,execution,1,1,DE,https://www.vr-bank-wuerzburg.de,MiFID II investment firm,LEI
Volksbank Sauerland eG,Volksbank Sauerland eG,5299001O5S0MLDXH7A21,DE,Federal Financial Supervisory Authority (BaFin),02/09/2026,e,execution,1,1,DE,www.vb-sauerland.de,MiFID II investment firm,normalised name
Volksbank Schwarzwald-Donau-Neckar eG,Volksbank Schwarzwald-Donau-Neckar eG,5299009ADJ9XFQVUKZ50,DE,Federal Financial Supervisory Authority (BaFin),02/07/2026,e,execution,1,1,DE,www.vbsdn.de,MiFID II investment firm,LEI
Volksbank Zollernalb eG,Volksbank Zollernalb eG,529900NPL89WYDTGGZ78,DE,Federal Financial Supervisory Authority (BaFin),07/09/2026,e,execution,1,1,DE,www.volksbank-zollernalb.de,MiFID II investment firm,LEI
VR Bank Ihre Heimatbank eG,VR Bank Ihre Heimatbank eG,529900NGC1AZW7YPSR12,DE,Federal Financial Supervisory Authority (BaFin),26/08/2026,e,execution,1,1,DE,www.vr-heimatbank.de,MiFID II investment firm,LEI
VR Bank München Land eG,VR Bank München Land eG,5299008QOOWW0IUSDH15,DE,Federal Financial Supervisory Authority (BaFin),08/09/2026,e,execution,1,1,DE,www.vr-bank-muenchen-land.de,MiFID II investment firm,LEI
VR Bank Ried-Überwald eG,VR Bank Ried-Überwald eG,529900Z9LN7U0GBF2S53,DE,Federal Financial Supervisory Authority (BaFin),20/08/2026,e,execution,1,1,DE,www.raiba-ried.de,MiFID II investment firm,LEI
VR Bank Schleswig-Holstein Mitte eG,VR Bank Schleswig-Holstein Mitte eG,52990017DZKEH3Q6PV63,DE,Federal Financial Supervisory Authority (BaFin),21/07/2026,e,execution,1,1,DE,https://www.vrbank-sh-mitte.de,MiFID II investment firm,LEI
VR Bank Südpfalz eG,VR Bank Südpfalz eG,529900MBFU46N7U7MF46,DE,Federal Financial Supervisory Authority (BaFin),12/12/2025,e,execution,1,1,DE,www.vrbank-suedpfalz.de,MiFID II investment firm,LEI
VR TeilhaberBank Metropolregion Nürnberg eG,VR TeilhaberBank Metropolregion Nürnberg eG,529900ZMDTSQYEYCKL45,DE,Federal Financial Supervisory Authority (BaFin),12/12/2025,e,execution,1,1,DE,www.vr-teilhaberbank.de,MiFID II investment firm,LEI
VR-Bank Augsburg-Ostallgäu eG,VR-Bank Augsburg-Ostallgäu eG,529900CG5HHEUT0AHK10,DE,Federal Financial Supervisory Authority (BaFin),21/07/2026,e,execution,1,1,DE,www.vrbank-augsburg-ostallgaeu.de,MiFID II investment firm,LEI
VR-Bank Erding eG,VR-Bank Erding eG,529900IAZ7K53LG7BT89,DE,Federal Financial Supervisory Authority (BaFin),04/08/2026,e,execution,1,1,DE,www.vr-bank-erding.de,MiFID II investment firm,LEI
VR-Bank Landau-Mengkofen eG,VR-Bank Landau-Mengkofen eG,529900E9AS5RG8YBF660,DE,Federal Financial Supervisory Authority (BaFin),29/07/2026,e,execution,1,1,DE,www.vrbanklm.de,MiFID II investment firm,LEI
VR-Bank Mittelfranken Mitte eG,VR-Bank Mittelfranken Mitte eG,5299009RFJSJRM1FIW34,DE,Federal Financial Supervisory Authority (BaFin),18/08/2026,e,execution,1,1,DE,www.vr-mfr.de,MiFID II investment firm,LEI
VR-Bank Rottal-Inn eG,VR-Bank Rottal-Inn eG,529900APX10RF2PBTB22,DE,Federal Financial Supervisory Authority (BaFin),16/12/2025,e,execution,1,1,DE,www.vrbk.de,MiFID II investment firm,LEI
WB-Shields Innovations GmbH,WhiteBIT EU,254900ERDZ4CZ5IF7P56,AT,Austrian Financial Market Authority (FMA),18/06/2026,acdfj,custody; exchange for funds; exchange for crypto; placing; transfer,5,29,AT BE BG CY CZ DE DK EE ES FI FR GR HR HU IE IS IT LI LT LU LV NL NO PL PT RO SE SI SK,https://whitebit.eu,,
"wBTCb.cz, s.r.o.",,3157009R9J4OHLL5NY32,CZ,Czech National Bank (CNB),26/06/2026,c,exchange for funds,1,1,CZ,https://bit.plus,,
WEB3 Technology B.V.,"Ari10 | Ari10 NL |  WEB3 Technology B.V. | RGLTD
Cashify",724500YJVIN0Q94ZZG5,NL,Netherlands Authority for the Financial Markets (AFM),12/02/2026,acdj,custody; exchange for funds; exchange for crypto; transfer,4,30,AT BE BG CY CZ DE DK EE EL ES FI FR HR HU IE IS IT LI LT LU LV MT NL NO PL PT RO SE SI SK,"https://ari10.com/en
https://ari10.com/en/encashify.eu",,
Webull Securities (Europe) B.V.,Webull | Webull Europe,894500CUU8Y0ZBG8DX95,NL,Netherlands Authority for the Financial Markets (AFM),30/06/2026,ag,custody; reception & transmission,2,1,NL,https://www.webull.eu/,MiFID II investment firm,LEI
Westerwald Bank eG Volks- und Raiffeisenbank,Westerwald Bank eG Volks- und Raiffeisenbank,52990071YX99SH321F74,DE,Federal Financial Supervisory Authority (BaFin),11/12/2025,e,execution,1,1,DE,www.westerwaldbank.de,MiFID II investment firm,LEI
WHITE TECH Limited liability company for services,WHITE TECH LTD,254900S52YR70F0BK713,HR,Croatian Financial Services Supervisory Agency (HANFA),23/04/2026,acdj,custody; exchange for funds; exchange for crypto; transfer,4,3,HR HU SI,https://whitely.hr/hr,,
WOORTON SAS,WOORTON,213800RF9FDNJ92AE175,FR,Autorité des Marchés Financiers (AMF),23/07/2026,cde,exchange for funds; exchange for crypto; execution,3,26,AT BE BG CY CZ DE DK EE ES FI GR HR HU IE IT LT LU LV MT NL PL PT RO SE SI SK,https://www.woorton.com/,,
wSw PortfolioManagement AG,wSw PortfolioManagement AG,3912005CEQV0XYGFEO78,DE,Federal Financial Supervisory Authority (BaFin),19/12/2025,g,reception & transmission,1,1,DE,www.wsw-pm.de,MiFID II investment firm,LEI
Wyden Capital AG,Wyden Capital AG,391200DN4V2D0IBP3S36,LI,Finanzmarktaufsicht (FMA),12/02/2026,i,portfolio management,1,1,LI,https://www.wydencapital.com/en/,MiFID II investment firm,LEI
XTB Limited,,259400HM2TR4U3LF5D43,CY,Cyprus Securities and Exchange Commission (CySEC),15/12/2025,aeg,custody; execution; reception & transmission,3,30,AT BE BG CY CZ DE DK EE EL ES FI FR HR HU IE IS IT LI LT LU LV MT NL NO PL PT RO SE SI SK,https://www.xtb.com/cy,MiFID II investment firm,normalised name
YOUNG PLATFORM S.P.A.,Young Platform,815600F1E30AAB016171,IT,Commissione Nazionale per le Societa e la Borsa (CONSOB),30/06/2026,acdefhij,custody; exchange for funds; exchange for crypto; execution; placing; advice; portfolio management; transfer,8,2,FR IT,https://youngplatform.com,,
Zap (Strike) Europe Limited,Strike,984500457TABOA3BZ224,MT,Malta Financial Services Authority (MFSA),25/06/2026,acej,custody; exchange for funds; execution; transfer,4,30,AT BE BG CY CZ DE DK EE EL ES FI FR HR HU IE IS IT LI LT LU LV MT NL NO PL PT RO SE SI SK,https://strike.me/en-GB/,,
Zebedee Europe B.V.,Zebedee Europe B.V.,724500B2I1LR33CAWG54,NL,Netherlands Authority for the Financial Markets (AFM),30/12/2024,acj,custody; exchange for funds; transfer,3,30,AT BE BG CY CZ DE DK EE EL ES FI FR HR HU IE IS IT LI LT LU LV MT NL NO PL PT RO SE SI SK,https://zbd.gg/,,
zerohash europe B.V.,zerohash europe,724500G7QSOMFR1GQA47,NL,Netherlands Authority for the Financial Markets (AFM),29/10/2025,abcdj,custody; trading platform; exchange for funds; exchange for crypto; transfer,5,30,AT BE BG CY CZ DE DK EE EL ES FI FR HR HU IE IS IT LI LT LU LV MT NL NO PL PT RO SE SI SK,https://zerohash.com/eu,,
ZEUS Anstalt für Vermögensverwaltung,ZEUS Anstalt für Vermögensverwaltung,529900QH6TWSXWH0XM44,LI,Finanzmarktaufsicht (FMA),01/12/2025,i,portfolio management,1,1,LI,https://www.zeus-management.li/en,MiFID II investment firm,LEI
Zillion Bits Limited,ZBX,254900FESD7AF56FOQ37,MT,Malta Financial Services Authority (MFSA),06/02/2025,abcdefgj,custody; trading platform; exchange for funds; exchange for crypto; execution; placing; reception & transmission; transfer,8,29,AT BE BG CY CZ DE DK EE EL ES FI FR HR HU IE IS IT LI LT LU LV NL NO PL PT RO SE SI SK,www.zbx.com,,
Zodia Custody (Europe) S.A.,Zodia,213800K35A9YPYDQKB81,LU,Commission de Surveillance du Secteur Financier (CSSF),12/12/2025,aj,custody; transfer,2,30,AT BE BG CY CZ DE DK EE ES FI FR GR HR HU IE IS IT LI LT LU LV MT NL NO PL PT RO SE SI SK,https://zodia-custody.com/,,
